12.0	67.433333333333337	73.599999999999994	0.0	6.7333333333333334	14.066666666666666	14.0	0.0	0.0	25.0	0.66000000000000003	-5.5099999999999998	36.899999999999999	6.5333333333333332	2.0	-5.1699999999999999	-0.34000000000000002
25.0	76.333333333333329	69.060606060606062	0.0	12.393939393939394	11.454545454545455	15.363636363636363	0.0	0.0	25.0	-1.24	5.5499999999999998	39.696969696969695	5.7575757575757578	4.0	2.02	3.5299999999999998
18.0	66.84375	67.8125	1.0	8.09375	13.6875	10.84375	0.0	0.0	25.0	8.6199999999999992	7.1399999999999997	35.65625	6.0	15.0	-2.3300000000000001	9.4600000000000009
10.0	67.107142857142861	69.75	0.0	6.25	12.071428571428571	13.071428571428571	0.0	0.0	25.0	-10.75	-13.470000000000001	35.714285714285715	5.8214285714285712	1.0	-8.1999999999999993	-5.2699999999999996
12.0	70.068965517241381	73.793103448275858	0.0	7.4137931034482758	12.793103448275861	12.827586206896552	0.0	0.0	25.0	-9.3499999999999996	-13.109999999999999	39.758620689655174	6.2413793103448274	4.0	-5.0499999999999998	-8.0600000000000005
23.0	74.612903225806448	65.709677419354833	0.0	6.064516129032258	13.32258064516129	13.225806451612904	0.0	0.0	25.0	-7.5700000000000003	0.93000000000000005	41.161290322580648	6.967741935483871	5.0	-1.4099999999999999	2.3399999999999999
13.0	66.571428571428569	72.678571428571431	0.0	6.2142857142857144	15.25	9.7142857142857135	0.0	0.0	25.0	-9.9399999999999995	-16.010000000000002	38.285714285714285	4.7857142857142856	2.0	-9.5800000000000001	-6.4299999999999997
9.0	70.548387096774192	77.354838709677423	0.0	8.258064516129032	14.870967741935484	11.516129032258064	0.0	0.0	25.0	-1.1000000000000001	-7.9100000000000001	36.838709677419352	4.096774193548387	1.0	-1.6399999999999999	-6.2699999999999996
25.0	81.212121212121218	69.0	1.0	6.6969696969696972	13.333333333333334	14.696969696969697	0.0	0.0	6.0	7.2300000000000004	18.789999999999999	41.454545454545453	4.9696969696969697	30.0	10.880000000000001	7.9000000000000004
15.0	73.28125	73.96875	1.0	7.9375	12.0	12.65625	0.0	0.0	25.0	8.9600000000000009	8.2799999999999994	36.78125	5.3125	5.0	4.0800000000000001	4.1900000000000004
16.0	78.15625	74.6875	1.0	6.75	11.125	16.1875	0.0	0.0	25.0	6.7599999999999998	10.23	37.09375	7.28125	18.0	8.6899999999999995	1.54
9.0	72.310344827586206	77.41379310344827	0.0	6.2068965517241379	13.724137931034482	13.137931034482758	0.0	0.0	25.0	-2.3700000000000001	-7.4800000000000004	42.862068965517238	5.4137931034482758	1.0	0.089999999999999997	-7.5700000000000003
18.0	76.806451612903231	75.516129032258064	0.0	9.4838709677419359	14.419354838709678	16.161290322580644	0.0	0.0	25.0	-8.1300000000000008	-7.3200000000000003	43.161290322580648	5.258064516129032	0.0	0.85999999999999999	-8.1799999999999997
11.0	70.709677419354833	78.096774193548384	1.0	8.7741935483870961	13.774193548387096	11.35483870967742	0.0	0.0	25.0	7.54	0.14999999999999999	36.58064516129032	5.354838709677419	7.0	2.3399999999999999	-2.1899999999999999
16.0	74.727272727272734	77.090909090909093	0.0	6.7575757575757578	15.181818181818182	14.515151515151516	0.0	0.0	16.0	-2.98	-6.04	40.18181818181818	7.5757575757575761	5.0	-0.02	-6.0199999999999996
18.0	69.709677419354833	66.516129032258064	0.0	9.8387096774193541	14.838709677419354	16.516129032258064	0.0	0.0	25.0	-2.98	0.11	41.12903225806452	6.161290322580645	6.0	-3.3100000000000001	3.4199999999999999
21.0	76.3125	69.625	1.0	6.5625	13.5	18.84375	0.0	0.0	5.0	9.7599999999999998	16.129999999999999	39.59375	8.40625	7.0	9.6300000000000008	6.5
19.0	82.466666666666669	78.766666666666666	0.0	11.266666666666667	15.0	18.133333333333333	0.0	0.0	25.0	-2.1000000000000001	1.1899999999999999	36.833333333333336	4.833333333333333	7.0	9.1899999999999995	-8.0
12.0	69.066666666666663	74.233333333333334	0.0	8.3000000000000007	13.733333333333333	12.366666666666667	0.0	0.0	25.0	-9.1799999999999997	-14.35	39.533333333333331	6.5666666666666664	0.0	-8.2699999999999996	-6.0800000000000001
8.0	60.899999999999999	68.63333333333334	0.0	5.7000000000000002	13.933333333333334	11.1	0.0	0.0	25.0	-6.3499999999999996	-14.08	34.100000000000001	5.3666666666666663	1.0	-16.359999999999999	2.2799999999999998
18.0	76.0	71.900000000000006	0.0	8.6999999999999993	12.366666666666667	14.333333333333334	0.0	0.0	25.0	3.1299999999999999	7.2300000000000004	37.0	6.9666666666666668	6.0	5.1500000000000004	2.0800000000000001
7.0	61.21875	70.5	1.0	7.1875	13.34375	12.8125	0.0	0.0	25.0	7.6699999999999999	-1.6100000000000001	31.03125	5.65625	11.0	-6.9100000000000001	5.2999999999999998
17.0	72.774193548387103	72.967741935483872	0.0	8.7741935483870961	15.064516129032258	14.709677419354838	0.0	0.0	25.0	-6.3700000000000001	-6.79	39.225806451612904	6.580645161290323	5.0	-1.55	-5.2400000000000002
4.0	55.87096774193548	70.483870967741936	0.0	5.32258064516129	17.419354838709676	9.4193548387096779	0.0	0.0	25.0	3.7000000000000002	-10.91	34.935483870967744	4.580645161290323	4.0	-12.859999999999999	1.95
7.0	73.0	78.222222222222229	0.0	8.3333333333333339	13.814814814814815	15.333333333333334	0.0	0.0	25.0	-2.8199999999999998	-8.0500000000000007	37.74074074074074	5.5555555555555554	1.0	0.46999999999999997	-8.5199999999999996
7.0	64.533333333333331	76.400000000000006	0.0	6.5999999999999996	13.933333333333334	13.833333333333334	0.0	0.0	25.0	-6.71	-18.579999999999998	34.93333333333333	5.8666666666666663	0.0	-10.67	-7.9100000000000001
16.0	77.965517241379317	73.689655172413794	0.0	8.0344827586206904	14.586206896551724	16.862068965517242	0.0	0.0	25.0	-5.8899999999999997	-2.0899999999999999	39.206896551724135	7.0344827586206895	6.0	3.6299999999999999	-5.71
19.0	76.606060606060609	75.939393939393938	0.0	7.9696969696969697	14.393939393939394	13.363636363636363	0.0	0.0	14.0	0.90000000000000002	1.3400000000000001	41.303030303030305	7.2727272727272725	2.0	4.5	-3.1600000000000001
21.0	80.58064516129032	71.161290322580641	1.0	7.612903225806452	10.903225806451612	15.096774193548388	0.0	0.0	9.0	7.5499999999999998	16.460000000000001	38.322580645161288	7.32258064516129	13.0	11.279999999999999	5.1799999999999997
14.0	74.689655172413794	73.931034482758619	0.0	11.172413793103448	10.448275862068966	15.206896551724139	0.0	0.0	25.0	-1.3	-0.67000000000000004	39.724137931034484	5.3448275862068968	2.0	1.52	-2.1899999999999999
23.0	75.121212121212125	67.030303030303031	1.0	7.1515151515151514	12.575757575757576	13.030303030303031	0.0	0.0	4.0	7.8700000000000001	15.390000000000001	40.878787878787875	4.2121212121212119	14.0	6.5599999999999996	8.8399999999999999
9.0	71.222222222222229	75.629629629629633	0.0	8.2962962962962958	13.074074074074074	12.777777777777779	0.0	0.0	25.0	-6.6699999999999999	-11.07	35.814814814814817	7.9259259259259256	1.0	-4.5300000000000002	-6.5499999999999998
14.0	76.545454545454547	78.393939393939391	0.0	8.6363636363636367	11.151515151515152	14.121212121212121	0.0	0.0	25.0	-3.77	-5.6200000000000001	33.81818181818182	6.0303030303030303	1.0	2.46	-8.0800000000000001
14.0	78.303030303030297	79.727272727272734	0.0	8.0606060606060606	11.939393939393939	14.575757575757576	0.0	0.0	25.0	-1.72	-3.1400000000000001	36.242424242424242	6.1818181818181817	10.0	3.2400000000000002	-6.3799999999999999
27.0	74.78125	67.09375	0.0	8.1875	13.65625	15.75	0.0	0.0	12.0	-3.46	3.2400000000000002	38.78125	8.5	8.0	-0.54000000000000004	3.7799999999999998
1.0	62.655172413793103	78.793103448275858	0.0	7.8620689655172411	15.724137931034482	12.931034482758621	0.0	0.0	25.0	-1.3799999999999999	-17.52	40.413793103448278	8.4827586206896548	0.0	-9.9600000000000009	-7.5499999999999998
22.0	73.1875	62.875	0.0	7.875	11.3125	15.875	0.0	0.0	9.0	5.25	15.19	40.34375	8.03125	20.0	4.1500000000000004	11.039999999999999
7.0	83.137931034482762	94.34482758620689	0.0	12.517241379310345	15.103448275862069	16.862068965517242	0.0	0.0	25.0	-4.75	-15.949999999999999	39.586206896551722	9.6896551724137936	0.0	9.0800000000000001	-25.030000000000001
17.0	69.645161290322577	64.483870967741936	1.0	7.67741935483871	10.096774193548388	13.258064516129032	0.0	0.0	25.0	6.8700000000000001	12.029999999999999	34.70967741935484	5.774193548387097	10.0	1.3500000000000001	10.69
7.0	60.266666666666666	69.533333333333331	0.0	5.7999999999999998	15.266666666666667	10.9	0.0	0.0	25.0	0.089999999999999997	-9.1699999999999999	35.366666666666667	6.5333333333333332	2.0	-14.07	4.9000000000000004
12.0	69.068965517241381	71.620689655172413	0.0	9.2068965517241388	12.482758620689655	13.724137931034482	0.0	0.0	25.0	-6.0599999999999996	-8.6099999999999994	32.793103448275865	6.3448275862068968	2.0	-5.3700000000000001	-3.2400000000000002
21.0	75.4375	70.6875	1.0	7.875	14.09375	14.40625	0.0	0.0	8.0	7.6399999999999997	12.039999999999999	44.8125	5.53125	6.0	4.9299999999999997	7.0999999999999996
16.0	78.9375	78.15625	0.0	10.1875	12.3125	14.21875	0.0	0.0	25.0	1.53	2.3100000000000001	42.46875	4.09375	5.0	7.1799999999999997	-4.8700000000000001
19.0	74.448275862068968	69.517241379310349	0.0	11.586206896551724	13.03448275862069	17.862068965517242	0.0	0.0	25.0	-2.5499999999999998	3.4500000000000002	42.758620689655174	7.5862068965517242	0.0	1.6000000000000001	1.8600000000000001
24.0	73.411764705882348	63.088235294117645	0.0	7.5	11.470588235294118	14.382352941176471	0.0	0.0	9.0	6.2800000000000002	15.890000000000001	38.235294117647058	6.1764705882352944	20.0	4.4100000000000001	11.48
7.0	71.310344827586206	81.0	0.0	8.2068965517241388	14.0	12.0	0.0	0.0	25.0	-6.0599999999999996	-15.75	39.448275862068968	6.0	4.0	-3.9500000000000002	-11.800000000000001
9.0	70.962962962962962	79.481481481481481	0.0	8.6296296296296298	13.74074074074074	11.185185185185185	0.0	0.0	25.0	-1.04	-9.5500000000000007	33.703703703703702	8.0370370370370363	4.0	-1.27	-8.2799999999999994
18.0	79.5625	73.03125	1.0	8.84375	12.65625	16.78125	0.0	0.0	25.0	6.4400000000000004	13.69	40.59375	6.59375	12.0	10.1	3.5899999999999999
9.0	69.296296296296291	71.592592592592595	0.0	5.7777777777777777	14.888888888888889	13.592592592592593	0.0	0.0	25.0	-3.29	-5.5800000000000001	37.222222222222221	7.1111111111111107	0.0	-5.4800000000000004	-0.10000000000000001
19.0	79.064516129032256	78.129032258064512	0.0	10.225806451612904	10.838709677419354	16.032258064516128	0.0	0.0	25.0	5.1399999999999997	5.7400000000000002	37.225806451612904	4.967741935483871	9.0	8.9800000000000004	-3.25
25.0	73.1875	65.8125	0.0	6.90625	13.28125	15.0	0.0	0.0	7.0	4.7599999999999998	11.34	39.53125	6.125	9.0	2.2799999999999998	9.0600000000000005
7.0	66.200000000000003	75.666666666666671	0.0	5.5999999999999996	11.9	10.633333333333333	0.0	0.0	25.0	0.84999999999999998	-8.6199999999999992	37.733333333333334	3.6000000000000001	5.0	-4.6299999999999999	-4.0
5.0	60.033333333333331	74.066666666666663	0.0	7.666666666666667	14.733333333333333	12.233333333333333	0.0	0.0	25.0	-6.8499999999999996	-20.879999999999999	35.466666666666669	5.7666666666666666	1.0	-15.01	-5.8700000000000001
16.0	65.193548387096769	65.290322580645167	0.0	7.580645161290323	12.903225806451612	14.290322580645162	0.0	0.0	25.0	-3.2400000000000002	-3.3399999999999999	25.193548387096776	6.387096774193548	0.0	-10.4	7.0599999999999996
9.0	67.483870967741936	75.0	1.0	5.419354838709677	14.774193548387096	11.806451612903226	0.0	0.0	25.0	8.3399999999999999	0.82999999999999996	34.161290322580648	4.838709677419355	9.0	-0.79000000000000004	1.6100000000000001
6.0	66.533333333333331	72.599999999999994	0.0	7.166666666666667	13.9	12.6	0.0	0.0	25.0	0.92000000000000004	-5.1500000000000004	34.766666666666666	3.8666666666666667	1.0	-3.21	-1.9399999999999999
6.0	63.100000000000001	70.400000000000006	0.0	5.666666666666667	11.466666666666667	12.800000000000001	0.0	0.0	25.0	1.8799999999999999	-5.4199999999999999	34.06666666666667	4.7000000000000002	4.0	-8.3499999999999996	2.9300000000000002
23.0	81.454545454545453	72.060606060606062	1.0	9.9393939393939394	10.636363636363637	14.484848484848484	0.0	0.0	4.0	10.59	19.23	39.272727272727273	6.8484848484848486	31.0	13.710000000000001	5.5199999999999996
15.0	77.935483870967744	77.806451612903231	0.0	10.387096774193548	15.193548387096774	17.129032258064516	0.0	0.0	25.0	1.3500000000000001	1.4099999999999999	42.967741935483872	5.129032258064516	0.0	7.1799999999999997	-5.7699999999999996
11.0	70.214285714285708	75.035714285714292	0.0	8.2857142857142865	13.0	14.892857142857142	0.0	0.0	25.0	-3.52	-8.3499999999999996	35.785714285714285	6.3214285714285712	2.0	-4.8200000000000003	-3.5299999999999998
14.0	79.86666666666666	79.533333333333331	0.0	8.5999999999999996	15.233333333333333	16.5	0.0	0.0	25.0	-3.8599999999999999	-3.5299999999999998	33.466666666666669	7.2666666666666666	3.0	5.0099999999999998	-8.5399999999999991
14.0	75.896551724137936	77.275862068965523	0.0	6.4482758620689653	14.586206896551724	13.068965517241379	0.0	0.0	25.0	1.24	-0.14000000000000001	41.172413793103445	10.758620689655173	4.0	2.8199999999999998	-2.96
15.0	79.666666666666671	77.733333333333334	0.0	11.866666666666667	12.633333333333333	14.966666666666667	0.0	0.0	25.0	-6.0300000000000002	-4.4699999999999998	37.766666666666666	6.7333333333333334	2.0	3.7799999999999998	-8.2400000000000002
12.0	68.3125	71.90625	0.0	7.25	13.25	15.1875	0.0	0.0	25.0	3.2200000000000002	-0.38	34.15625	5.71875	1.0	-0.69999999999999996	0.33000000000000002
14.0	74.63333333333334	75.966666666666669	0.0	10.1	13.699999999999999	16.266666666666666	0.0	0.0	25.0	0.66000000000000003	-0.67000000000000004	39.5	5.8666666666666663	0.0	3.6299999999999999	-4.2999999999999998
24.0	74.0	65.515151515151516	0.0	4.7878787878787881	12.909090909090908	18.030303030303031	0.0	0.0	25.0	-0.39000000000000001	8.0999999999999996	36.424242424242422	5.3939393939393936	4.0	3.23	4.8700000000000001
19.0	76.875	77.125	0.0	9.15625	13.34375	15.71875	0.0	0.0	25.0	-3.1400000000000001	-3.8399999999999999	35.8125	6.65625	3.0	3.04	-6.8799999999999999
19.0	73.606060606060609	68.575757575757578	1.0	7.8181818181818183	12.242424242424242	14.545454545454545	0.0	0.0	25.0	9.1899999999999995	14.69	43.515151515151516	7.1212121212121211	19.0	6.0700000000000003	8.6199999999999992
6.0	62.592592592592595	73.666666666666671	0.0	6.2222222222222223	17.25925925925926	11.814814814814815	0.0	0.0	25.0	-10.67	-21.739999999999998	37.407407407407405	7.1111111111111107	3.0	-14.890000000000001	-6.8499999999999996
19.0	78.09375	73.78125	1.0	6.875	13.59375	14.15625	0.0	0.0	25.0	8.1600000000000001	12.16	39.28125	7.59375	10.0	10.23	1.9399999999999999
16.0	71.172413793103445	69.034482758620683	0.0	8.3793103448275854	14.896551724137931	16.827586206896552	0.0	0.0	25.0	-0.089999999999999997	1.8700000000000001	36.551724137931032	9.068965517241379	1.0	-2.4399999999999999	4.3099999999999996
23.0	74.625	71.15625	0.0	6.84375	11.71875	14.5625	0.0	0.0	14.0	2.2400000000000002	5.2699999999999996	40.40625	9.21875	3.0	3.1400000000000001	2.1299999999999999
16.0	69.806451612903231	68.129032258064512	0.0	8.1612903225806459	15.193548387096774	13.67741935483871	0.0	0.0	25.0	-4.2000000000000002	-2.8300000000000001	40.322580645161288	7.0	0.0	-5.2300000000000004	2.3900000000000001
11.0	66.875	72.28125	0.0	5.375	12.65625	10.25	0.0	0.0	25.0	3.6200000000000001	-1.79	42.46875	2.875	6.0	-2.75	0.95999999999999996
15.0	73.63636363636364	71.818181818181813	1.0	7.9090909090909092	13.212121212121213	14.909090909090908	0.0	0.0	25.0	8.4900000000000002	10.31	35.787878787878789	5.4545454545454541	21.0	5.1699999999999999	5.1399999999999997
19.0	70.09375	69.0	1.0	6.875	13.84375	13.25	0.0	0.0	25.0	8.4700000000000006	9.4100000000000001	41.21875	5.125	11.0	2.0499999999999998	7.3600000000000003
14.0	65.035714285714292	65.642857142857139	0.0	5.3214285714285712	12.464285714285714	12.571428571428571	0.0	0.0	25.0	-2.1899999999999999	-2.7999999999999998	33.035714285714285	7.1428571428571432	3.0	-7.2000000000000002	4.4000000000000004
19.0	73.242424242424249	71.060606060606062	1.0	6.4545454545454541	12.151515151515152	14.757575757575758	0.0	0.0	25.0	9.9499999999999993	12.51	42.363636363636367	4.7878787878787881	15.0	6.3499999999999996	6.1600000000000001
25.0	79.5	66.75	0.0	8.78125	12.96875	15.65625	0.0	0.0	11.0	4.2300000000000004	16.920000000000002	44.5625	5.75	19.0	8.0800000000000001	8.8399999999999999
4.0	59.321428571428569	70.464285714285708	0.0	5.4285714285714288	15.785714285714286	10.642857142857142	0.0	0.0	25.0	-8.4800000000000004	-19.620000000000001	36.178571428571431	7.5	0.0	-16.350000000000001	-3.27
23.0	75.793103448275858	68.448275862068968	0.0	7.2413793103448274	14.03448275862069	17.379310344827587	0.0	0.0	25.0	-5.5999999999999996	1.4299999999999999	44.862068965517238	7.2413793103448274	0.0	0.41999999999999998	1.02
20.0	74.966666666666669	74.066666666666663	0.0	6.8666666666666663	14.633333333333333	12.699999999999999	0.0	0.0	16.0	-8.4499999999999993	-8.7400000000000002	44.06666666666667	5.6333333333333337	6.0	-1.4099999999999999	-7.3399999999999999
9.0	70.84375	79.4375	0.0	9.96875	12.03125	12.75	0.0	0.0	25.0	-5.6900000000000004	-14.289999999999999	31.0	6.90625	0.0	-3.3199999999999998	-10.970000000000001
12.0	66.75	67.464285714285708	0.0	7.8571428571428568	15.5	16.142857142857142	0.0	0.0	25.0	-0.25	-0.95999999999999996	39.928571428571431	5.3571428571428568	4.0	-5.9400000000000004	4.9800000000000004
25.0	77.13333333333334	66.333333333333329	0.0	7.9000000000000004	14.533333333333333	17.5	0.0	0.0	13.0	-1.04	9.0299999999999994	42.333333333333336	8.5666666666666664	4.0	4.6100000000000003	4.4199999999999999
18.0	75.25	70.607142857142861	0.0	6.6785714285714288	12.178571428571429	17.607142857142858	0.0	0.0	25.0	-4.2400000000000002	-0.52000000000000002	38.357142857142854	9.1428571428571423	0.0	0.81999999999999995	-1.3400000000000001
23.0	78.28125	73.84375	0.0	9.03125	12.6875	15.9375	0.0	0.0	25.0	0.77000000000000002	5.0199999999999996	41.46875	6.71875	2.0	6.7199999999999998	-1.71
14.0	65.333333333333329	69.666666666666671	0.0	7.6060606060606064	11.606060606060606	14.545454545454545	0.0	0.0	16.0	-6.1100000000000003	-11.199999999999999	31.878787878787879	6.6363636363636367	6.0	-11.029999999999999	-0.17000000000000001
22.0	77.870967741935488	68.870967741935488	0.0	6.935483870967742	10.741935483870968	13.290322580645162	0.0	0.0	25.0	2.1699999999999999	10.300000000000001	38.774193548387096	6.161290322580645	4.0	8.0800000000000001	2.2200000000000002
10.0	70.233333333333334	76.333333333333329	0.0	4.7999999999999998	15.833333333333334	9.1666666666666661	0.0	0.0	25.0	-8.3300000000000001	-14.43	40.600000000000001	6.5666666666666664	1.0	-6.5800000000000001	-7.8499999999999996
19.0	67.58064516129032	66.838709677419359	0.0	7.193548387096774	16.258064516129032	13.806451612903226	0.0	0.0	25.0	-5.8799999999999999	-5.1900000000000004	40.548387096774192	5.741935483870968	2.0	-8.3800000000000008	3.1899999999999999
14.0	72.793103448275858	75.793103448275858	0.0	8.6206896551724146	14.068965517241379	13.103448275862069	0.0	0.0	25.0	-6.6900000000000004	-9.8300000000000001	37.172413793103445	7.7931034482758621	1.0	-3.8999999999999999	-5.9299999999999997
15.0	72.117647058823536	74.764705882352942	1.0	8.1470588235294112	10.441176470588236	13.588235294117647	0.0	0.0	25.0	7.0300000000000002	4.3899999999999997	31.617647058823529	5.8529411764705879	22.0	3.6099999999999999	0.77000000000000002
17.0	66.967741935483872	66.161290322580641	0.0	7.67741935483871	13.0	12.96774193548387	0.0	0.0	25.0	2.5899999999999999	3.3999999999999999	36.806451612903224	6.612903225806452	4.0	-2.0299999999999998	5.4299999999999997
14.0	71.239999999999995	74.239999999999995	0.0	9.3599999999999994	14.720000000000001	17.120000000000001	0.0	0.0	25.0	-6.2000000000000002	-9.1999999999999993	38.960000000000001	8.0	0.0	-5.4299999999999997	-3.7799999999999998
25.0	82.28125	68.90625	1.0	10.78125	14.6875	17.5	1.0	0.0	5.0	6.9000000000000004	19.59	40.25	7.46875	25.0	13.68	5.9100000000000001
14.0	67.58064516129032	69.741935483870961	0.0	6.774193548387097	13.612903225806452	10.96774193548387	0.0	0.0	25.0	2.2000000000000002	0.040000000000000001	39.12903225806452	5.935483870967742	3.0	-1.6000000000000001	1.6399999999999999
22.0	79.59375	73.65625	0.0	10.21875	13.15625	17.21875	0.0	0.0	13.0	-1.78	3.5899999999999999	38.0625	7.75	8.0	6.7300000000000004	-3.1499999999999999
21.0	78.096774193548384	68.709677419354833	1.0	8.67741935483871	10.903225806451612	16.870967741935484	0.0	0.0	7.0	8.7100000000000009	17.010000000000002	40.548387096774192	7.193548387096774	17.0	9.8000000000000007	7.21
21.0	81.84375	74.96875	1.0	9.15625	12.46875	18.03125	0.0	0.0	4.0	10.16	16.93	38.875	6.8125	17.0	15.69	1.24
22.0	78.548387096774192	76.064516129032256	0.0	11.419354838709678	13.387096774193548	16.516129032258064	0.0	0.0	25.0	-1.6599999999999999	0.0	39.677419354838712	6.129032258064516	0.0	4.7800000000000002	-4.79
12.0	67.58064516129032	73.548387096774192	0.0	5.903225806451613	13.741935483870968	11.451612903225806	0.0	0.0	25.0	0.11	-5.8600000000000003	35.645161290322584	6.870967741935484	1.0	-5.0	-0.84999999999999998
17.0	67.21875	66.09375	0.0	7.59375	13.84375	13.90625	0.0	0.0	25.0	-9.5399999999999991	-8.6600000000000001	44.28125	8.71875	3.0	-8.5299999999999994	-0.13
12.0	74.821428571428569	78.071428571428569	0.0	9.9285714285714288	13.357142857142858	14.357142857142858	0.0	0.0	25.0	-6.0899999999999999	-9.3399999999999999	43.5	7.3928571428571432	1.0	-2.1899999999999999	-7.1500000000000004
6.0	66.310344827586206	72.620689655172413	0.0	8.3793103448275854	11.344827586206897	13.0	0.0	0.0	25.0	-3.9500000000000002	-10.26	34.275862068965516	5.4482758620689653	0.0	-9.1799999999999997	-1.0800000000000001
20.0	74.161290322580641	68.483870967741936	0.0	8.9677419354838701	12.258064516129032	13.096774193548388	0.0	0.0	25.0	0.5	6.1699999999999999	40.225806451612904	4.4838709677419351	2.0	1.52	4.6600000000000001
29.0	80.303030303030297	67.606060606060609	1.0	9.2121212121212128	14.393939393939394	18.303030303030305	1.0	1.0	1.0	11.220000000000001	23.870000000000001	43.727272727272727	7.666666666666667	31.0	14.279999999999999	9.5899999999999999
17.0	70.727272727272734	68.212121212121218	1.0	5.3030303030303028	13.939393939393939	13.878787878787879	0.0	0.0	25.0	9.7899999999999991	12.31	36.484848484848484	7.5454545454545459	12.0	2.8500000000000001	9.4600000000000009
26.0	79.67647058823529	68.264705882352942	1.0	7.1764705882352944	11.823529411764707	15.058823529411764	1.0	1.0	4.0	8.8399999999999999	20.23	41.029411764705884	6.0588235294117645	27.0	11.92	8.3100000000000005
8.0	63.533333333333331	74.266666666666666	0.0	8.6333333333333329	13.199999999999999	12.933333333333334	0.0	0.0	25.0	4.6500000000000004	-6.0899999999999999	31.899999999999999	7.2333333333333334	5.0	-6.4800000000000004	0.40000000000000002
6.0	71.400000000000006	80.400000000000006	0.0	8.1666666666666661	13.0	13.866666666666667	0.0	0.0	25.0	-6.0	-15.0	31.833333333333332	5.7000000000000002	3.0	-3.02	-11.98
7.0	73.038461538461533	78.961538461538467	0.0	7.5769230769230766	16.846153846153847	16.346153846153847	0.0	0.0	25.0	-8.7699999999999996	-14.69	45.03846153846154	8.6538461538461533	2.0	-4.0599999999999996	-10.640000000000001
16.0	70.451612903225808	69.677419354838705	0.0	7.645161290322581	13.419354838709678	15.387096774193548	0.0	0.0	25.0	-5.2000000000000002	-4.4199999999999999	35.322580645161288	6.903225806451613	5.0	-2.5699999999999998	-1.8500000000000001
10.0	63.103448275862071	69.793103448275858	0.0	9.7586206896551726	15.379310344827585	14.448275862068966	0.0	0.0	25.0	-3.73	-10.42	32.517241379310342	6.1379310344827589	3.0	-11.470000000000001	1.05
10.0	77.774193548387103	82.806451612903231	0.0	10.67741935483871	14.774193548387096	17.70967741935484	0.0	0.0	25.0	-3.8100000000000001	-8.8499999999999996	38.774193548387096	6.709677419354839	0.0	1.99	-10.83
18.0	72.90625	73.25	0.0	8.96875	13.34375	16.625	0.0	0.0	25.0	4.5700000000000003	4.0899999999999999	39.09375	7.0625	4.0	4.6399999999999997	-0.55000000000000004
7.0	71.63333333333334	77.900000000000006	0.0	7.5666666666666664	15.699999999999999	14.033333333333333	0.0	0.0	25.0	-5.1500000000000004	-11.42	39.899999999999999	6.833333333333333	0.0	-3.5499999999999998	-7.8700000000000001
21.0	78.799999999999997	74.166666666666671	0.0	7.7999999999999998	13.733333333333333	15.433333333333334	0.0	0.0	25.0	-4.4000000000000004	-0.070000000000000007	41.899999999999999	8.2333333333333325	4.0	4.0999999999999996	-4.1699999999999999
23.0	74.967741935483872	61.12903225806452	1.0	6.0	11.451612903225806	13.516129032258064	0.0	0.0	25.0	7.7400000000000002	21.57	38.161290322580648	7.161290322580645	24.0	6.1900000000000004	15.390000000000001
8.0	75.966666666666669	86.86666666666666	0.0	7.5999999999999996	16.300000000000001	14.433333333333334	0.0	0.0	25.0	-6.4900000000000002	-17.390000000000001	35.166666666666664	8.3000000000000007	0.0	0.83999999999999997	-18.23
13.0	68.806451612903231	73.161290322580641	0.0	7.4838709677419351	14.32258064516129	14.064516129032258	0.0	0.0	25.0	-3.1200000000000001	-7.4800000000000004	29.548387096774192	7.67741935483871	6.0	-5.29	-2.1800000000000002
7.0	71.5	78.666666666666671	0.0	8.2666666666666675	12.133333333333333	11.666666666666666	0.0	0.0	25.0	-4.5199999999999996	-11.69	32.5	4.5999999999999996	2.0	-2.9500000000000002	-8.7400000000000002
20.0	76.272727272727266	74.181818181818187	1.0	5.8787878787878789	14.666666666666666	16.151515151515152	0.0	0.0	25.0	5.5700000000000003	7.6600000000000001	35.727272727272727	7.8181818181818183	14.0	6.21	1.4399999999999999
17.0	86.0	84.878787878787875	0.0	10.060606060606061	12.848484848484848	16.787878787878789	0.0	0.0	25.0	-0.29999999999999999	0.82999999999999996	37.272727272727273	6.8484848484848486	2.0	13.380000000000001	-12.550000000000001
24.0	75.53125	66.40625	1.0	8.34375	14.5	15.25	0.0	0.0	5.0	8.3100000000000005	16.710000000000001	40.25	6.5625	19.0	7.96	8.7599999999999998
14.0	73.53125	75.84375	0.0	7.3125	12.71875	13.84375	0.0	0.0	25.0	2.96	0.64000000000000001	35.65625	6.46875	8.0	2.6899999999999999	-2.0499999999999998
7.0	71.384615384615387	79.884615384615387	0.0	7.884615384615385	14.23076923076923	12.73076923076923	0.0	0.0	25.0	-6.7400000000000002	-15.24	40.192307692307693	6.5769230769230766	2.0	-6.1500000000000004	-9.0899999999999999
19.0	76.558823529411768	70.294117647058826	0.0	6.0588235294117645	12.117647058823529	15.0	0.0	0.0	25.0	3.5800000000000001	9.8399999999999999	40.558823529411768	7.6764705882352944	18.0	7.6500000000000004	2.1899999999999999
17.0	71.322580645161295	69.58064516129032	0.0	6.774193548387097	13.870967741935484	16.419354838709676	0.0	0.0	25.0	-4.5499999999999998	-3.1099999999999999	43.967741935483872	5.612903225806452	2.0	-5.3200000000000003	2.21
21.0	74.424242424242422	68.181818181818187	1.0	10.363636363636363	10.545454545454545	16.272727272727273	0.0	0.0	11.0	7.9199999999999999	13.75	34.909090909090907	6.1515151515151514	18.0	5.5899999999999999	8.1500000000000004
29.0	79.764705882352942	63.382352941176471	1.0	9.4411764705882355	12.176470588235293	21.147058823529413	0.0	1.0	2.0	6.9400000000000004	22.59	42.764705882352942	4.5882352941176467	26.0	12.25	10.34
8.0	68.0	74.0	1.0	6.161290322580645	11.419354838709678	12.225806451612904	0.0	0.0	25.0	6.8600000000000003	0.85999999999999999	34.41935483870968	5.4838709677419351	10.0	-0.77000000000000002	1.6299999999999999
20.0	75.15625	72.0625	0.0	7.875	12.0625	12.875	0.0	0.0	25.0	4.8099999999999996	7.9100000000000001	38.4375	7.5625	7.0	5.4900000000000002	2.4199999999999999
14.0	74.935483870967744	72.774193548387103	1.0	7.258064516129032	12.64516129032258	13.903225806451612	0.0	0.0	25.0	6.0199999999999996	8.1799999999999997	35.354838709677416	6.5161290322580649	9.0	5.5499999999999998	2.6299999999999999
10.0	68.58064516129032	72.967741935483872	1.0	5.645161290322581	12.548387096774194	11.67741935483871	0.0	0.0	25.0	6.8799999999999999	2.5	35.774193548387096	5.4516129032258061	19.0	-0.46000000000000002	2.9500000000000002
12.0	66.967741935483872	73.064516129032256	0.0	5.419354838709677	13.193548387096774	12.580645161290322	0.0	0.0	25.0	2.5800000000000001	-3.52	36.612903225806448	6.419354838709677	6.0	-2.0600000000000001	-1.46
18.0	72.206896551724142	68.379310344827587	0.0	8.7586206896551726	14.068965517241379	15.551724137931034	0.0	0.0	25.0	-4.29	-0.71999999999999997	39.241379310344826	5.9655172413793105	9.0	-3.3399999999999999	2.6099999999999999
13.0	75.966666666666669	77.533333333333331	0.0	9.9000000000000004	12.5	13.066666666666666	0.0	0.0	25.0	-5.3499999999999996	-6.9100000000000001	38.633333333333333	4.9666666666666668	2.0	0.17000000000000001	-7.0800000000000001
17.0	70.724137931034477	67.827586206896555	0.0	7.4137931034482758	15.96551724137931	18.379310344827587	0.0	0.0	25.0	-1.6499999999999999	1.04	47.586206896551722	10.482758620689655	2.0	-2.4700000000000002	3.5099999999999998
8.0	67.433333333333337	72.033333333333331	0.0	5.3666666666666663	12.233333333333333	11.633333333333333	0.0	0.0	25.0	-7.9699999999999998	-12.57	36.299999999999997	6.2666666666666666	2.0	-7.6500000000000004	-4.9199999999999999
15.0	69.172413793103445	67.689655172413794	0.0	7.7931034482758621	12.655172413793103	15.344827586206897	0.0	0.0	25.0	-3.0600000000000001	-1.5800000000000001	35.103448275862071	6.4137931034482758	13.0	-4.2300000000000004	2.6499999999999999
18.0	67.3125	65.25	0.0	4.40625	13.5	14.0	0.0	0.0	25.0	-7.0499999999999998	-4.9900000000000002	37.09375	5.875	6.0	-8.4499999999999993	3.46
16.0	75.212121212121218	74.424242424242422	1.0	6.2727272727272725	11.030303030303031	11.606060606060606	0.0	0.0	25.0	9.0399999999999991	9.8300000000000001	39.575757575757578	4.5151515151515156	15.0	6.7000000000000002	3.1200000000000001
16.0	72.235294117647058	68.970588235294116	1.0	6.4705882352941178	11.676470588235293	11.676470588235293	0.0	0.0	25.0	5.5700000000000003	8.8399999999999999	35.205882352941174	7.3529411764705879	7.0	3.8500000000000001	4.9900000000000002
17.0	71.86666666666666	72.0	0.0	6.7333333333333334	16.533333333333335	15.933333333333334	0.0	0.0	25.0	1.79	2.8500000000000001	51.166666666666664	8.4666666666666668	5.0	2.3700000000000001	0.47999999999999998
17.0	69.689655172413794	70.793103448275858	0.0	7.6551724137931032	13.241379310344827	13.413793103448276	0.0	0.0	25.0	-7.0499999999999998	-7.8899999999999997	44.689655172413794	4.3448275862068968	0.0	-5.7800000000000002	-2.1099999999999999
17.0	76.0	73.375	0.0	6.125	15.25	14.4375	0.0	0.0	25.0	2.5800000000000001	5.21	36.65625	5.625	12.0	5.1600000000000001	0.050000000000000003
21.0	71.032258064516128	63.612903225806448	0.0	5.774193548387097	14.838709677419354	15.32258064516129	0.0	0.0	25.0	-3.54	3.5899999999999999	45.0	4.5483870967741939	12.0	-3.25	6.8300000000000001
7.0	73.259259259259252	79.296296296296291	0.0	6.0	16.74074074074074	15.111111111111111	0.0	0.0	25.0	-8.1699999999999999	-14.210000000000001	42.148148148148145	9.3333333333333339	4.0	-3.9700000000000002	-10.24
7.0	64.59375	72.0	0.0	5.1875	14.40625	10.84375	0.0	0.0	25.0	-3.8599999999999999	-11.26	36.5	5.15625	2.0	-10.66	-0.59999999999999998
8.0	66.096774193548384	77.548387096774192	0.0	6.838709677419355	17.193548387096776	13.96774193548387	0.0	0.0	25.0	-5.2300000000000004	-16.68	36.903225806451616	7.387096774193548	2.0	-10.529999999999999	-6.1500000000000004
16.0	75.0	75.0	0.0	10.199999999999999	14.800000000000001	18.733333333333334	0.0	0.0	25.0	-4.5599999999999996	-4.1699999999999999	40.466666666666669	7.5333333333333332	0.0	-1.74	-2.4300000000000002
15.0	73.903225806451616	73.709677419354833	0.0	7.806451612903226	13.64516129032258	13.258064516129032	0.0	0.0	25.0	-6.7300000000000004	-7.5499999999999998	38.12903225806452	6.161290322580645	1.0	-1.6399999999999999	-5.9100000000000001
28.0	82.264705882352942	69.558823529411768	1.0	6.5882352941176467	12.647058823529411	20.823529411764707	0.0	1.0	1.0	10.69	23.440000000000001	47.764705882352942	7.9117647058823533	29.0	16.739999999999998	6.7000000000000002
14.0	73.482758620689651	72.103448275862064	0.0	7.0	15.0	15.137931034482758	0.0	0.0	25.0	-4.9100000000000001	-3.6800000000000002	41.689655172413794	8.862068965517242	0.0	-0.46999999999999997	-3.21
19.0	83.400000000000006	79.833333333333329	0.0	13.699999999999999	12.733333333333333	18.633333333333333	0.0	0.0	25.0	-3.9199999999999999	-1.4099999999999999	38.93333333333333	5.9000000000000004	1.0	7.7000000000000002	-9.1099999999999994
10.0	72.13333333333334	78.733333333333334	0.0	6.2333333333333334	14.766666666666667	12.066666666666666	0.0	0.0	25.0	-3.23	-9.8300000000000001	38.600000000000001	7.0	3.0	-2.3199999999999998	-7.5199999999999996
17.0	71.40625	71.15625	0.0	8.9375	12.71875	15.15625	0.0	0.0	25.0	1.3500000000000001	1.6000000000000001	34.71875	6.3125	5.0	0.0	1.6100000000000001
3.0	67.25	82.714285714285708	0.0	7.8571428571428568	13.857142857142858	13.285714285714286	0.0	0.0	25.0	-2.8300000000000001	-18.289999999999999	35.785714285714285	6.6071428571428568	2.0	-7.0899999999999999	-11.199999999999999
21.0	67.545454545454547	62.909090909090907	0.0	9.0303030303030312	10.696969696969697	13.0	0.0	0.0	11.0	4.4400000000000004	8.7799999999999994	33.060606060606062	6.1818181818181817	8.0	-1.0600000000000001	9.8399999999999999
20.0	72.0	65.96875	1.0	8.6875	10.28125	16.46875	0.0	0.0	25.0	4.1200000000000001	10.16	36.46875	3.875	0.0	1.6799999999999999	8.4800000000000004
21.0	75.71875	70.59375	1.0	8.1875	11.15625	15.0	0.0	0.0	6.0	9.5700000000000003	14.1	39.53125	6.15625	17.0	7.6299999999999999	6.4699999999999998
21.0	86.3125	78.90625	0.0	9.875	12.46875	17.03125	0.0	0.0	25.0	-1.6100000000000001	6.2999999999999998	42.90625	6.71875	3.0	13.4	-7.0999999999999996
20.0	77.903225806451616	74.645161290322577	0.0	9.5483870967741939	13.32258064516129	15.709677419354838	0.0	0.0	25.0	-1.1799999999999999	1.8999999999999999	40.354838709677416	5.064516129032258	5.0	5.8200000000000003	-3.9199999999999999
20.0	70.424242424242422	68.0	1.0	6.6363636363636367	13.636363636363637	12.030303030303031	0.0	0.0	25.0	7.0800000000000001	9.3900000000000006	40.393939393939391	5.7878787878787881	18.0	2.46	6.9299999999999997
25.0	80.40625	70.4375	1.0	11.9375	15.0625	16.78125	0.0	0.0	2.0	11.140000000000001	19.760000000000002	44.3125	7.71875	24.0	12.91	6.8499999999999996
12.0	66.5	67.125	1.0	6.40625	12.46875	12.15625	0.0	0.0	25.0	8.8100000000000005	8.1799999999999997	34.71875	5.59375	18.0	-1.3500000000000001	9.5299999999999994
22.0	68.48571428571428	61.828571428571429	0.0	4.5428571428571427	9.8857142857142861	14.428571428571429	0.0	0.0	25.0	-2.3100000000000001	4.6600000000000001	42.114285714285714	6.3142857142857141	9.0	-6.5700000000000003	11.23
12.0	74.34482758620689	77.620689655172413	0.0	6.6896551724137927	12.862068965517242	13.241379310344827	0.0	0.0	25.0	0.58999999999999997	-2.6899999999999999	37.96551724137931	5.5862068965517242	3.0	1.54	-4.2300000000000004
27.0	78.545454545454547	69.393939393939391	1.0	7.8787878787878789	13.030303030303031	15.666666666666666	1.0	1.0	1.0	8.6400000000000006	18.050000000000001	41.878787878787875	8.3333333333333339	10.0	10.140000000000001	7.9100000000000001
18.0	72.0	70.566666666666663	1.0	7.2666666666666666	11.933333333333334	14.4	0.0	0.0	7.0	9.2599999999999998	10.390000000000001	36.733333333333334	7.8666666666666663	5.0	3.46	6.9299999999999997
6.0	68.5	74.42307692307692	0.0	7.3076923076923075	14.5	13.923076923076923	0.0	0.0	25.0	2.3500000000000001	-3.5699999999999998	38.192307692307693	4.8076923076923075	5.0	-3.5800000000000001	0.01
16.0	65.84375	69.625	1.0	6.59375	11.28125	10.0625	0.0	0.0	25.0	6.9500000000000002	3.1699999999999999	34.65625	5.1875	4.0	-2.7599999999999998	5.9299999999999997
17.0	72.86666666666666	71.966666666666669	0.0	5.4000000000000004	11.800000000000001	15.233333333333333	0.0	0.0	25.0	1.6799999999999999	2.3300000000000001	39.399999999999999	6.2333333333333334	7.0	0.66000000000000003	1.6599999999999999
20.0	75.774193548387103	68.709677419354833	1.0	6.580645161290323	12.35483870967742	17.64516129032258	0.0	0.0	10.0	8.75	15.470000000000001	40.548387096774192	5.225806451612903	19.0	6.3200000000000003	9.1500000000000004
11.0	76.935483870967744	79.709677419354833	0.0	9.32258064516129	12.548387096774194	13.709677419354838	0.0	0.0	25.0	0.56000000000000005	-2.21	36.451612903225808	6.709677419354839	1.0	5.0800000000000001	-7.29
11.0	75.965517241379317	78.172413793103445	0.0	5.7586206896551726	13.517241379310345	18.172413793103448	0.0	0.0	25.0	-5.9400000000000004	-8.1500000000000004	37.793103448275865	9.068965517241379	2.0	0.27000000000000002	-8.4199999999999999
7.0	60.41935483870968	71.032258064516128	0.0	4.096774193548387	14.903225806451612	8.67741935483871	0.0	0.0	25.0	-6.8200000000000003	-17.43	32.193548387096776	7.709677419354839	1.0	-13.609999999999999	-3.8199999999999998
8.0	64.821428571428569	73.214285714285708	0.0	5.2857142857142856	15.357142857142858	12.5	0.0	0.0	25.0	-4.9800000000000004	-13.380000000000001	37.392857142857146	7.3571428571428568	0.0	-10.65	-2.7200000000000002
21.0	78.259259259259252	68.851851851851848	0.0	10.444444444444445	12.148148148148149	15.962962962962964	0.0	0.0	25.0	-1.72	7.1699999999999999	39.592592592592595	7.6296296296296298	10.0	5.2599999999999998	1.9099999999999999
23.0	73.969696969696969	69.727272727272734	1.0	7.5454545454545459	12.181818181818182	16.666666666666668	0.0	0.0	9.0	8.4600000000000009	11.94	38.272727272727273	6.9393939393939394	10.0	5.04	6.9000000000000004
26.0	77.735294117647058	64.588235294117652	1.0	7.882352941176471	12.323529411764707	18.088235294117649	0.0	0.0	5.0	7.46	20.170000000000002	42.441176470588232	4.3235294117647056	23.0	10.01	10.16
9.0	65.63333333333334	71.033333333333331	0.0	7.6333333333333337	15.266666666666667	12.566666666666666	0.0	0.0	25.0	-4.9800000000000004	-10.380000000000001	43.299999999999997	4.8666666666666663	0.0	-9.5700000000000003	-0.81000000000000005
14.0	71.551724137931032	73.275862068965523	0.0	7.7931034482758621	14.172413793103448	14.137931034482758	0.0	0.0	25.0	-3.4500000000000002	-5.1699999999999999	40.482758620689658	6.3103448275862073	2.0	-2.21	-2.96
17.0	69.375	64.75	0.0	6.65625	11.53125	12.21875	0.0	0.0	25.0	3.29	7.9199999999999999	34.9375	5.3125	5.0	-0.28999999999999998	8.2100000000000009
10.0	75.566666666666663	81.666666666666671	0.0	7.5999999999999996	13.933333333333334	13.966666666666667	0.0	0.0	25.0	-2.7000000000000002	-8.8000000000000007	35.06666666666667	6.833333333333333	0.0	1.0	-9.7899999999999991
16.0	76.5625	73.84375	0.0	7.5	10.21875	16.59375	0.0	0.0	25.0	4.5599999999999996	7.2800000000000002	31.90625	6.5625	8.0	7.0499999999999998	0.23000000000000001
13.0	65.969696969696969	67.36363636363636	0.0	6.1818181818181817	12.727272727272727	12.606060606060606	0.0	0.0	25.0	-3.6000000000000001	-5.0	35.454545454545453	5.7272727272727275	2.0	-8.0199999999999996	3.02
10.0	65.0625	70.84375	0.0	5.5625	14.0	12.5	0.0	0.0	25.0	-7.75	-13.529999999999999	32.5625	8.28125	6.0	-11.49	-2.04
6.0	67.548387096774192	81.032258064516128	1.0	5.193548387096774	14.225806451612904	12.161290322580646	0.0	0.0	25.0	6.4299999999999997	-7.0599999999999996	35.903225806451616	6.290322580645161	2.0	-1.8600000000000001	-5.1900000000000004
12.0	73.900000000000006	77.86666666666666	0.0	5.6333333333333337	14.333333333333334	12.1	0.0	0.0	25.0	-9.0500000000000007	-13.01	37.600000000000001	6.333333333333333	0.0	-2.46	-10.550000000000001
15.0	72.034482758620683	71.448275862068968	0.0	9.1034482758620694	13.689655172413794	19.827586206896552	0.0	0.0	25.0	-6.5	-6.0599999999999996	43.482758620689658	6.4827586206896548	2.0	-4.25	-1.8200000000000001
12.0	72.322580645161295	73.774193548387103	0.0	5.709677419354839	14.612903225806452	14.03225806451613	0.0	0.0	25.0	-4.4900000000000002	-5.9400000000000004	36.87096774193548	7.290322580645161	2.0	-2.1499999999999999	-3.7999999999999998
8.0	60.379310344827587	69.58620689655173	0.0	6.6206896551724137	14.068965517241379	11.310344827586206	0.0	0.0	25.0	1.4199999999999999	-7.7800000000000002	34.310344827586206	4.7931034482758621	3.0	-10.98	3.1899999999999999
23.0	67.84375	60.46875	0.0	6.9375	14.625	12.65625	0.0	0.0	25.0	4.3300000000000001	11.890000000000001	46.09375	6.5625	9.0	-2.4100000000000001	14.289999999999999
14.0	76.862068965517238	79.103448275862064	0.0	8.0344827586206904	13.068965517241379	12.793103448275861	0.0	0.0	25.0	-0.68000000000000005	-2.9199999999999999	40.724137931034484	5.5862068965517242	1.0	4.3300000000000001	-7.25
6.0	67.035714285714292	74.178571428571431	0.0	7.5714285714285712	15.321428571428571	16.035714285714285	0.0	0.0	25.0	1.3500000000000001	-5.79	40.357142857142854	6.6428571428571432	1.0	-4.4800000000000004	-1.3200000000000001
10.0	67.0	73.533333333333331	0.0	7.7333333333333334	11.633333333333333	12.766666666666667	0.0	0.0	25.0	1.8600000000000001	-4.6699999999999999	34.899999999999999	4.4666666666666668	4.0	-4.1799999999999997	-0.48999999999999999
14.0	60.793103448275865	67.275862068965523	0.0	7.0344827586206895	16.310344827586206	11.379310344827585	0.0	0.0	25.0	-8.5899999999999999	-15.390000000000001	35.241379310344826	6.931034482758621	0.0	-15.74	0.34999999999999998
12.0	64.142857142857139	68.571428571428569	0.0	7.0357142857142856	17.928571428571427	14.821428571428571	0.0	0.0	25.0	-5.0199999999999996	-9.6199999999999992	41.928571428571431	6.8928571428571432	0.0	-10.460000000000001	0.83999999999999997
25.0	74.848484848484844	67.787878787878782	1.0	6.2424242424242422	14.151515151515152	13.787878787878787	0.0	1.0	6.0	8.2799999999999994	14.66	41.060606060606062	7.6060606060606064	10.0	6.2699999999999996	8.3900000000000006
21.0	78.151515151515156	72.969696969696969	0.0	6.5151515151515156	16.515151515151516	14.909090909090908	0.0	0.0	25.0	-3.1899999999999999	1.73	41.272727272727273	6.3636363636363633	6.0	4.1200000000000001	-2.3999999999999999
12.0	68.290322580645167	74.451612903225808	0.0	6.870967741935484	15.548387096774194	11.290322580645162	0.0	0.0	25.0	-2.02	-8.1799999999999997	39.612903225806448	7.129032258064516	6.0	-4.9400000000000004	-3.25
23.0	75.838709677419359	69.41935483870968	1.0	6.967741935483871	14.935483870967742	14.870967741935484	0.0	0.0	25.0	5.8300000000000001	12.01	44.258064516129032	7.419354838709677	4.0	6.5499999999999998	5.46
12.0	75.933333333333337	80.63333333333334	0.0	6.7000000000000002	12.866666666666667	16.399999999999999	0.0	0.0	25.0	-0.88	-5.5800000000000001	35.899999999999999	6.9666666666666668	0.0	3.0800000000000001	-8.6699999999999999
8.0	63.18181818181818	71.272727272727266	0.0	4.0303030303030303	14.606060606060606	10.030303030303031	0.0	0.0	25.0	5.2400000000000002	-2.8500000000000001	38.515151515151516	4.5454545454545459	3.0	-5.8300000000000001	2.9700000000000002
4.0	69.107142857142861	82.25	0.0	7.5	14.035714285714286	12.714285714285714	0.0	0.0	25.0	-4.2199999999999998	-17.359999999999999	33.071428571428569	6.0714285714285712	1.0	-6.4699999999999998	-10.9
14.0	69.137931034482762	71.482758620689651	1.0	5.931034482758621	12.241379310344827	12.068965517241379	0.0	0.0	25.0	10.41	8.0600000000000005	35.517241379310342	7.0	16.0	1.1499999999999999	6.9100000000000001
8.0	77.900000000000006	84.333333333333329	0.0	9.4000000000000004	13.933333333333334	17.300000000000001	0.0	0.0	25.0	-4.3499999999999996	-10.779999999999999	40.43333333333333	7.166666666666667	0.0	1.3500000000000001	-12.130000000000001
24.0	75.466666666666669	65.200000000000003	0.0	7.333333333333333	12.566666666666666	18.033333333333335	0.0	0.0	13.0	-5.2800000000000002	3.75	43.733333333333334	6.7999999999999998	1.0	-1.0600000000000001	4.8099999999999996
19.0	70.21875	65.71875	1.0	9.84375	13.65625	15.40625	0.0	0.0	10.0	9.75	14.619999999999999	41.21875	9.375	26.0	2.6899999999999999	11.93
21.0	68.65625	67.4375	0.0	7.96875	9.40625	13.90625	0.0	0.0	10.0	6.5700000000000003	7.6900000000000004	38.28125	5.40625	23.0	0.52000000000000002	7.1699999999999999
15.0	75.117647058823536	75.17647058823529	1.0	7.382352941176471	11.294117647058824	13.5	0.0	0.0	25.0	7.8600000000000003	7.7999999999999998	38.0	5.2941176470588234	12.0	5.7999999999999998	2.0
18.0	73.25	69.464285714285708	0.0	6.1785714285714288	15.178571428571429	11.714285714285714	0.0	0.0	25.0	-5.2999999999999998	-1.8100000000000001	41.035714285714285	8.9285714285714288	2.0	-2.8500000000000001	1.03
17.0	77.0	75.964285714285708	0.0	9.5	13.678571428571429	15.785714285714286	0.0	0.0	25.0	-3.6600000000000001	-3.21	39.357142857142854	5.6785714285714288	0.0	2.52	-5.7300000000000004
20.0	71.34375	68.0625	1.0	7.25	10.65625	11.78125	1.0	0.0	6.0	11.710000000000001	14.800000000000001	35.59375	5.21875	25.0	4.1299999999999999	10.67
26.0	75.911764705882348	65.529411764705884	1.0	8.264705882352942	13.117647058823529	18.0	0.0	0.0	3.0	8.4499999999999993	18.449999999999999	42.970588235294116	7.6470588235294121	8.0	7.6600000000000001	10.800000000000001
13.0	64.482758620689651	65.551724137931032	0.0	5.1379310344827589	12.689655172413794	12.620689655172415	0.0	0.0	25.0	-4.29	-5.3600000000000003	36.655172413793103	6.5172413793103452	2.0	-10.109999999999999	4.75
19.0	72.387096774193552	69.838709677419359	1.0	5.967741935483871	12.32258064516129	13.483870967741936	0.0	0.0	8.0	10.25	12.41	35.032258064516128	6.129032258064516	9.0	5.0599999999999996	7.3499999999999996
16.0	76.967741935483872	71.645161290322577	0.0	8.4838709677419359	12.03225806451613	16.870967741935484	0.0	0.0	25.0	-2.3599999999999999	2.96	37.451612903225808	5.387096774193548	0.0	3.1200000000000001	-0.16
18.0	70.333333333333329	68.166666666666671	0.0	6.0666666666666664	13.333333333333334	12.366666666666667	0.0	0.0	25.0	-1.5700000000000001	-0.059999999999999998	43.166666666666664	6.7666666666666666	2.0	-2.8100000000000001	2.7599999999999998
7.0	67.689655172413794	74.827586206896555	0.0	7.1724137931034484	12.96551724137931	12.03448275862069	0.0	0.0	25.0	-2.0699999999999998	-9.2100000000000009	39.03448275862069	6.3793103448275863	1.0	-4.96	-4.25
12.0	65.882352941176464	70.529411764705884	0.0	6.3529411764705879	13.205882352941176	10.941176470588236	0.0	0.0	25.0	3.79	-0.84999999999999998	37.294117647058826	6.4117647058823533	3.0	-3.77	2.9100000000000001
20.0	74.0	69.677419354838705	0.0	7.064516129032258	11.064516129032258	14.03225806451613	0.0	0.0	11.0	5.7599999999999998	9.7899999999999991	36.225806451612904	6.967741935483871	13.0	5.0	4.79
15.0	77.5	76.71875	1.0	6.25	12.15625	15.6875	0.0	0.0	25.0	9.6899999999999995	10.48	39.5625	5.46875	24.0	8.0299999999999994	2.4500000000000002
21.0	80.848484848484844	74.757575757575751	1.0	8.0606060606060606	12.606060606060606	15.272727272727273	0.0	0.0	8.0	7.6399999999999997	13.52	40.515151515151516	6.5151515151515156	11.0	11.43	2.1000000000000001
25.0	76.484848484848484	69.0	1.0	8.2727272727272734	13.545454545454545	16.878787878787879	0.0	0.0	3.0	8.7899999999999991	15.5	40.454545454545453	6.0303030303030303	16.0	7.8099999999999996	7.6900000000000004
14.0	73.034482758620683	72.41379310344827	0.0	8.862068965517242	12.862068965517242	15.655172413793103	0.0	0.0	25.0	2.0600000000000001	2.6800000000000002	38.206896551724135	5.8965517241379306	10.0	1.9299999999999999	0.76000000000000001
9.0	74.037037037037038	80.037037037037038	0.0	9.481481481481481	14.74074074074074	16.111111111111111	0.0	0.0	25.0	-3.5800000000000001	-9.5800000000000001	40.74074074074074	6.5185185185185182	0.0	1.3600000000000001	-10.93
24.0	75.266666666666666	63.633333333333333	0.0	9.9333333333333336	15.9	17.533333333333335	0.0	0.0	25.0	0.02	10.710000000000001	51.100000000000001	8.1999999999999993	9.0	0.23000000000000001	10.48
19.0	76.75	67.34375	1.0	8.53125	11.9375	15.21875	0.0	0.0	11.0	8.6799999999999997	17.199999999999999	39.78125	4.34375	12.0	7.4500000000000002	9.75
20.0	74.727272727272734	71.515151515151516	0.0	7.7272727272727275	14.787878787878787	15.0	0.0	0.0	25.0	-4.7300000000000004	-1.51	40.030303030303031	6.4242424242424239	5.0	-0.11	-1.3899999999999999
29.0	76.970588235294116	63.705882352941174	1.0	10.205882352941176	12.911764705882353	18.735294117647058	1.0	0.0	2.0	9.7100000000000009	24.079999999999998	40.735294117647058	8.2941176470588243	20.0	9.9199999999999999	14.17
26.0	70.36363636363636	59.666666666666664	1.0	6.7878787878787881	10.424242424242424	16.696969696969695	0.0	0.0	1.0	11.119999999999999	22.039999999999999	36.030303030303031	6.0303030303030303	15.0	4.1200000000000001	17.920000000000002
19.0	74.575757575757578	72.090909090909093	1.0	6.0606060606060606	13.515151515151516	12.909090909090908	0.0	0.0	25.0	7.5300000000000002	9.9299999999999997	37.272727272727273	5.6969696969696972	4.0	6.6900000000000004	3.2400000000000002
21.0	70.096774193548384	64.129032258064512	0.0	6.5483870967741939	14.483870967741936	14.548387096774194	0.0	0.0	25.0	-9.5199999999999996	-4.79	43.483870967741936	7.645161290322581	1.0	-7.6500000000000004	2.8599999999999999
11.0	74.032258064516128	79.032258064516128	1.0	6.290322580645161	14.548387096774194	14.0	0.0	0.0	25.0	10.529999999999999	5.5300000000000002	38.258064516129032	5.935483870967742	14.0	6.1299999999999999	-0.58999999999999997
18.0	83.375	79.78125	1.0	7.78125	14.5625	15.25	0.0	0.0	25.0	8.1199999999999992	11.210000000000001	42.5	8.0625	10.0	15.81	-4.5999999999999996
8.0	70.433333333333337	77.900000000000006	1.0	6.1333333333333337	14.466666666666667	13.966666666666667	0.0	0.0	25.0	7.9699999999999998	0.5	34.93333333333333	5.166666666666667	3.0	1.1299999999999999	-0.63
23.0	74.516129032258064	68.451612903225808	0.0	9.387096774193548	14.935483870967742	15.387096774193548	0.0	0.0	15.0	-5.1299999999999999	0.17999999999999999	41.806451612903224	5.645161290322581	6.0	-2.48	2.6600000000000001
26.0	79.205882352941174	66.617647058823536	1.0	6.1470588235294121	14.647058823529411	15.0	0.0	0.0	3.0	9.7799999999999994	21.609999999999999	40.588235294117645	10.088235294117647	14.0	10.880000000000001	10.73
23.0	73.129032258064512	59.41935483870968	0.0	8.064516129032258	11.096774193548388	15.774193548387096	0.0	0.0	11.0	4.2400000000000002	17.390000000000001	42.096774193548384	8.2258064516129039	9.0	4.0	13.390000000000001
18.0	76.034482758620683	71.758620689655174	0.0	8.3103448275862064	11.413793103448276	17.275862068965516	0.0	0.0	25.0	1.3	5.5700000000000003	39.344827586206897	5.8620689655172411	0.0	5.5099999999999998	0.059999999999999998
20.0	80.275862068965523	76.0	0.0	9.8275862068965516	13.896551724137931	13.03448275862069	0.0	0.0	25.0	-5.7000000000000002	-1.4199999999999999	40.0	6.0	9.0	5.7699999999999996	-7.1900000000000004
20.0	68.875	64.5625	1.0	7.15625	12.03125	12.5	0.0	0.0	7.0	9.4000000000000004	13.4	38.375	6.40625	20.0	-0.13	13.529999999999999
13.0	70.700000000000003	72.099999999999994	0.0	9.0	12.566666666666666	15.666666666666666	0.0	0.0	25.0	-2.3500000000000001	-3.75	33.766666666666666	5.4333333333333336	4.0	-3.0600000000000001	-0.68999999999999995
20.0	68.63636363636364	66.696969696969703	0.0	7.7575757575757578	11.969696969696969	14.484848484848484	0.0	0.0	25.0	-1.76	0.17999999999999999	33.151515151515149	5.8484848484848486	2.0	-6.6900000000000004	6.8700000000000001
12.0	70.333333333333329	72.433333333333337	0.0	10.633333333333333	11.933333333333334	13.066666666666666	0.0	0.0	25.0	2.1899999999999999	0.089999999999999997	32.966666666666669	4.4000000000000004	4.0	-1.49	1.5800000000000001
27.0	81.34375	71.03125	1.0	7.96875	13.34375	17.125	0.0	0.0	2.0	8.4299999999999997	18.579999999999998	43.34375	7.6875	24.0	12.970000000000001	5.5999999999999996
21.0	74.481481481481481	63.518518518518519	0.0	7.0370370370370372	14.74074074074074	16.74074074074074	0.0	0.0	12.0	-1.03	9.0800000000000001	44.74074074074074	6.2962962962962967	1.0	0.55000000000000004	8.5299999999999994
9.0	75.63333333333334	85.63333333333334	0.0	8.5666666666666664	12.9	15.566666666666666	0.0	0.0	25.0	-0.85999999999999999	-10.859999999999999	36.033333333333331	7.2999999999999998	0.0	2.6200000000000001	-13.48
