id,pred
2017_1112_1116,0.652553031341
2017_1112_1124,0.397584451577
2017_1112_1137,0.836174439457
2017_1112_1139,0.524031719804
2017_1112_1153,0.55534820747
2017_1112_1166,0.545755383867
2017_1112_1173,0.68253997889
2017_1112_1181,0.467981601092
2017_1112_1190,0.810225194892
2017_1112_1195,0.915923432836
2017_1112_1196,0.492301425638
2017_1112_1199,0.496194776495
2017_1112_1211,0.325690970482
2017_1112_1233,0.929988677412
2017_1112_1235,0.646979923456
2017_1112_1240,0.97055484852
2017_1112_1242,0.289159562805
2017_1112_1243,0.728918021323
2017_1112_1245,0.940869802644
2017_1112_1246,0.508893443733
2017_1112_1257,0.464628918496
2017_1112_1266,0.771148130468
2017_1112_1268,0.602759611238
2017_1112_1274,0.569299329883
2017_1112_1276,0.705804959853
2017_1112_1277,0.810007947365
2017_1112_1278,0.605342021221
2017_1112_1291,0.96225607289
2017_1112_1292,0.982189068123
2017_1112_1297,0.945616088812
2017_1112_1300,0.962681086688
2017_1112_1305,0.812498808811
2017_1112_1308,0.931190396731
2017_1112_1309,0.965607325876
2017_1112_1314,0.319977548706
2017_1112_1315,0.973939638272
2017_1112_1321,0.702567361559
2017_1112_1323,0.491034381147
2017_1112_1329,0.537484810489
2017_1112_1332,0.474488584158
2017_1112_1343,0.878355624795
2017_1112_1344,0.797486594019
2017_1112_1345,0.555738638965
2017_1112_1348,0.844178372901
2017_1112_1355,0.965388732846
2017_1112_1371,0.710623494344
2017_1112_1374,0.576137782672
2017_1112_1376,0.690845637984
2017_1112_1388,0.637591193525
2017_1112_1407,0.957848640933
2017_1112_1411,0.98269643243
2017_1112_1413,0.98202356181
2017_1112_1417,0.507303661495
2017_1112_1423,0.756061198108
2017_1112_1425,0.699811300986
2017_1112_1433,0.722777577271
2017_1112_1435,0.802626896085
2017_1112_1436,0.892063555661
2017_1112_1437,0.269823239043
2017_1112_1438,0.586992072446
2017_1112_1439,0.700180446037
2017_1112_1448,0.741543457833
2017_1112_1452,0.561542518448
2017_1112_1455,0.554936898459
2017_1112_1457,0.955842954969
2017_1112_1458,0.57750084187
2017_1112_1462,0.704815781275
2017_1116_1124,0.235324221374
2017_1116_1137,0.850302960773
2017_1116_1139,0.392111469758
2017_1116_1153,0.378110028664
2017_1116_1166,0.363062158215
2017_1116_1173,0.637652522137
2017_1116_1181,0.2486204385
2017_1116_1190,0.776572131261
2017_1116_1195,0.854512793314
2017_1116_1196,0.302436750765
2017_1116_1199,0.306241375804
2017_1116_1211,0.160093408992
2017_1116_1233,0.903742608182
2017_1116_1235,0.432888787707
2017_1116_1240,0.955247684976
2017_1116_1242,0.172008277646
2017_1116_1243,0.500575603073
2017_1116_1245,0.852753712776
2017_1116_1246,0.235744415295
2017_1116_1257,0.244904856975
2017_1116_1266,0.565239111971
2017_1116_1268,0.447320525523
2017_1116_1274,0.444507839156
2017_1116_1276,0.473505621247
2017_1116_1277,0.541479266911
2017_1116_1278,0.49567830834
2017_1116_1291,0.960322135202
2017_1116_1292,0.97338633109
2017_1116_1297,0.889301377401
2017_1116_1300,0.965028795722
2017_1116_1305,0.701652818228
2017_1116_1308,0.911222883682
2017_1116_1309,0.962093819777
2017_1116_1314,0.164048764394
2017_1116_1315,0.957650629912
2017_1116_1321,0.541712722867
2017_1116_1323,0.339825338981
2017_1116_1329,0.446505428839
2017_1116_1332,0.283197698486
2017_1116_1343,0.789586786137
2017_1116_1344,0.591999317051
2017_1116_1345,0.315730640627
2017_1116_1348,0.636461457637
2017_1116_1355,0.923272408133
2017_1116_1371,0.513442140589
2017_1116_1374,0.268132092678
2017_1116_1376,0.463343682822
2017_1116_1388,0.443776555207
2017_1116_1407,0.904792928417
2017_1116_1411,0.974155290198
2017_1116_1413,0.969709114991
2017_1116_1417,0.254386972756
2017_1116_1423,0.625513223331
2017_1116_1425,0.522492999215
2017_1116_1433,0.662763339245
2017_1116_1435,0.586192282161
2017_1116_1436,0.790613168873
2017_1116_1437,0.152765410975
2017_1116_1438,0.428977711822
2017_1116_1439,0.511588148721
2017_1116_1448,0.544279932391
2017_1116_1452,0.21931325819
2017_1116_1455,0.273401918733
2017_1116_1457,0.902793859467
2017_1116_1458,0.432439198139
2017_1116_1462,0.475289555317
2017_1124_1137,0.950463986922
2017_1124_1139,0.625233314292
2017_1124_1153,0.719321630317
2017_1124_1166,0.660223609221
2017_1124_1173,0.73587348134
2017_1124_1181,0.538387877172
2017_1124_1190,0.932483998138
2017_1124_1195,0.960309012243
2017_1124_1196,0.597586677293
2017_1124_1199,0.562880164261
2017_1124_1211,0.319985695584
2017_1124_1233,0.970065424627
2017_1124_1235,0.563445585511
2017_1124_1240,0.977472779447
2017_1124_1242,0.366872002513
2017_1124_1243,0.759080683077
2017_1124_1245,0.972225273092
2017_1124_1246,0.477382770148
2017_1124_1257,0.548793089428
2017_1124_1266,0.799960141862
2017_1124_1268,0.750323324795
2017_1124_1274,0.712059095283
2017_1124_1276,0.627319621037
2017_1124_1277,0.836765976279
2017_1124_1278,0.693630043651
2017_1124_1291,0.982593048381
2017_1124_1292,0.980869865906
2017_1124_1297,0.971314851203
2017_1124_1300,0.960236481603
2017_1124_1305,0.869594769037
2017_1124_1308,0.945171389753
2017_1124_1309,0.976706058642
2017_1124_1314,0.589823706196
2017_1124_1315,0.972811257447
2017_1124_1321,0.760912617825
2017_1124_1323,0.574303365092
2017_1124_1329,0.671354765045
2017_1124_1332,0.532942126208
2017_1124_1343,0.940156617232
2017_1124_1344,0.840155209658
2017_1124_1345,0.575544611257
2017_1124_1348,0.816597353004
2017_1124_1355,0.97424032546
2017_1124_1371,0.782348062885
2017_1124_1374,0.672359141616
2017_1124_1376,0.720229271265
2017_1124_1388,0.830322500516
2017_1124_1407,0.96715973355
2017_1124_1411,0.98224987528
2017_1124_1413,0.976870081924
2017_1124_1417,0.464388812846
2017_1124_1423,0.861014960032
2017_1124_1425,0.829505431743
2017_1124_1433,0.78272376624
2017_1124_1435,0.829031229187
2017_1124_1436,0.9141031172
2017_1124_1437,0.365388873116
2017_1124_1438,0.639666392333
2017_1124_1439,0.768132606463
2017_1124_1448,0.80301038854
2017_1124_1452,0.49717082703
2017_1124_1455,0.51910345769
2017_1124_1457,0.958841952751
2017_1124_1458,0.689446465492
2017_1124_1462,0.793509827922
2017_1137_1139,0.266213199026
2017_1137_1153,0.264067639499
2017_1137_1166,0.192174785116
2017_1137_1173,0.362080965489
2017_1137_1181,0.159163731448
2017_1137_1190,0.4354710506
2017_1137_1195,0.566129932739
2017_1137_1196,0.201197940611
2017_1137_1199,0.210812738079
2017_1137_1211,0.0342083863459
2017_1137_1233,0.683544623788
2017_1137_1235,0.251164881414
2017_1137_1240,0.802605727678
2017_1137_1242,0.125063595083
2017_1137_1243,0.429700968581
2017_1137_1245,0.723865089635
2017_1137_1246,0.115503142573
2017_1137_1257,0.180430282319
2017_1137_1266,0.584053110422
2017_1137_1268,0.286688047625
2017_1137_1274,0.249111907104
2017_1137_1276,0.269351369881
2017_1137_1277,0.578933149047
2017_1137_1278,0.271437608776
2017_1137_1291,0.867313849013
2017_1137_1292,0.903208152276
2017_1137_1297,0.647002841447
2017_1137_1300,0.843861124962
2017_1137_1305,0.324441624407
2017_1137_1308,0.58933915402
2017_1137_1309,0.878248050896
2017_1137_1314,0.0661874914739
2017_1137_1315,0.822468011363
2017_1137_1321,0.288529893906
2017_1137_1323,0.223407764889
2017_1137_1329,0.257115934208
2017_1137_1332,0.163619960712
2017_1137_1343,0.602773423324
2017_1137_1344,0.487692864344
2017_1137_1345,0.27081001762
2017_1137_1348,0.504165643493
2017_1137_1355,0.822242673547
2017_1137_1371,0.30657061015
2017_1137_1374,0.184860321051
2017_1137_1376,0.207393885564
2017_1137_1388,0.192896935598
2017_1137_1407,0.828070365058
2017_1137_1411,0.850674091165
2017_1137_1413,0.843934678768
2017_1137_1417,0.0956668046894
2017_1137_1423,0.330757291184
2017_1137_1425,0.451680202993
2017_1137_1433,0.455766977702
2017_1137_1435,0.605736228789
2017_1137_1436,0.426012628242
2017_1137_1437,0.0729968481622
2017_1137_1438,0.220619324333
2017_1137_1439,0.229839580986
2017_1137_1448,0.529250129435
2017_1137_1452,0.101063414897
2017_1137_1455,0.0976275312232
2017_1137_1457,0.662718480183
2017_1137_1458,0.287416624143
2017_1137_1462,0.317203695691
2017_1139_1153,0.581006509121
2017_1139_1166,0.494022464704
2017_1139_1173,0.661220893214
2017_1139_1181,0.365523569248
2017_1139_1190,0.882821623394
2017_1139_1195,0.918048587133
2017_1139_1196,0.388889918803
2017_1139_1199,0.447418988821
2017_1139_1211,0.163705422472
2017_1139_1233,0.951524637702
2017_1139_1235,0.494156467535
2017_1139_1240,0.970953177916
2017_1139_1242,0.236359880457
2017_1139_1243,0.639247944012
2017_1139_1245,0.960896444804
2017_1139_1246,0.36880384701
2017_1139_1257,0.358862434406
2017_1139_1266,0.639548109891
2017_1139_1268,0.507383425897
2017_1139_1274,0.543901800044
2017_1139_1276,0.545224098004
2017_1139_1277,0.692749456857
2017_1139_1278,0.562693398347
2017_1139_1291,0.982528713209
2017_1139_1292,0.973670398957
2017_1139_1297,0.948001482996
2017_1139_1300,0.962627455393
2017_1139_1305,0.748891869256
2017_1139_1308,0.918066482923
2017_1139_1309,0.963714043285
2017_1139_1314,0.264744465561
2017_1139_1315,0.965698581273
2017_1139_1321,0.589570536359
2017_1139_1323,0.472659979571
2017_1139_1329,0.543382109331
2017_1139_1332,0.385183617525
2017_1139_1343,0.937617830909
2017_1139_1344,0.718696190777
2017_1139_1345,0.445497400683
2017_1139_1348,0.713470583224
2017_1139_1355,0.941814660002
2017_1139_1371,0.63691141982
2017_1139_1374,0.605662229158
2017_1139_1376,0.566327990413
2017_1139_1388,0.583067250275
2017_1139_1407,0.96385537312
2017_1139_1411,0.960931489159
2017_1139_1413,0.976917268415
2017_1139_1417,0.361915621784
2017_1139_1423,0.753124834925
2017_1139_1425,0.640784801321
2017_1139_1433,0.645853853486
2017_1139_1435,0.745310983778
2017_1139_1436,0.846821153791
2017_1139_1437,0.267451503667
2017_1139_1438,0.489836418024
2017_1139_1439,0.586896030554
2017_1139_1448,0.645888771047
2017_1139_1452,0.357554498093
2017_1139_1455,0.389787822313
2017_1139_1457,0.912785624145
2017_1139_1458,0.556563806502
2017_1139_1462,0.53519075889
2017_1153_1166,0.453612118846
2017_1153_1173,0.655661118741
2017_1153_1181,0.394841365187
2017_1153_1190,0.794745712085
2017_1153_1195,0.890278021601
2017_1153_1196,0.395698535756
2017_1153_1199,0.386708926908
2017_1153_1211,0.305596486551
2017_1153_1233,0.926266805385
2017_1153_1235,0.575443152291
2017_1153_1240,0.949840714355
2017_1153_1242,0.401518322888
2017_1153_1243,0.680849766898
2017_1153_1245,0.964227037286
2017_1153_1246,0.322158119726
2017_1153_1257,0.406390228574
2017_1153_1266,0.690738945438
2017_1153_1268,0.577278288831
2017_1153_1274,0.640314172498
2017_1153_1276,0.654051980164
2017_1153_1277,0.719898808969
2017_1153_1278,0.415457494869
2017_1153_1291,0.972615749445
2017_1153_1292,0.979724109886
2017_1153_1297,0.927418239455
2017_1153_1300,0.97226058787
2017_1153_1305,0.786685789504
2017_1153_1308,0.882930551007
2017_1153_1309,0.959910078513
2017_1153_1314,0.321447413818
2017_1153_1315,0.959455370615
2017_1153_1321,0.576364453005
2017_1153_1323,0.42168433937
2017_1153_1329,0.611637005124
2017_1153_1332,0.320700388226
2017_1153_1343,0.876087617473
2017_1153_1344,0.708336410864
2017_1153_1345,0.459925024982
2017_1153_1348,0.72402869057
2017_1153_1355,0.957185812878
2017_1153_1371,0.669364629263
2017_1153_1374,0.50777178349
2017_1153_1376,0.547290915565
2017_1153_1388,0.524379549127
2017_1153_1407,0.959933399405
2017_1153_1411,0.984308668153
2017_1153_1413,0.962508740049
2017_1153_1417,0.313800921733
2017_1153_1423,0.701103254989
2017_1153_1425,0.634451709416
2017_1153_1433,0.676566066976
2017_1153_1435,0.802275360285
2017_1153_1436,0.789995574512
2017_1153_1437,0.257383120744
2017_1153_1438,0.526531441834
2017_1153_1439,0.58117740268
2017_1153_1448,0.674061472297
2017_1153_1452,0.379825356897
2017_1153_1455,0.424533071479
2017_1153_1457,0.951574520062
2017_1153_1458,0.504522556698
2017_1153_1462,0.597746195969
2017_1166_1173,0.673068188425
2017_1166_1181,0.398695093573
2017_1166_1190,0.843914334259
2017_1166_1195,0.921839365684
2017_1166_1196,0.416767090841
2017_1166_1199,0.416124217126
2017_1166_1211,0.241290886857
2017_1166_1233,0.936173327346
2017_1166_1235,0.543905364532
2017_1166_1240,0.958845687712
2017_1166_1242,0.244731878538
2017_1166_1243,0.608187758959
2017_1166_1245,0.943794957479
2017_1166_1246,0.339230967321
2017_1166_1257,0.38438312997
2017_1166_1266,0.655995310422
2017_1166_1268,0.545609802008
2017_1166_1274,0.544112088798
2017_1166_1276,0.583496809721
2017_1166_1277,0.663481968384
2017_1166_1278,0.5450238393
2017_1166_1291,0.978824662369
2017_1166_1292,0.979934263712
2017_1166_1297,0.93483574616
2017_1166_1300,0.96686528302
2017_1166_1305,0.705220279165
2017_1166_1308,0.917182438765
2017_1166_1309,0.957251793645
2017_1166_1314,0.23535776492
2017_1166_1315,0.962523899101
2017_1166_1321,0.596004289306
2017_1166_1323,0.472420580078
2017_1166_1329,0.558877527842
2017_1166_1332,0.384541802854
2017_1166_1343,0.926779661497
2017_1166_1344,0.701101456852
2017_1166_1345,0.458890924791
2017_1166_1348,0.745095992954
2017_1166_1355,0.927902916445
2017_1166_1371,0.669726211219
2017_1166_1374,0.600585280564
2017_1166_1376,0.568059230265
2017_1166_1388,0.668460532119
2017_1166_1407,0.960075369973
2017_1166_1411,0.980127575202
2017_1166_1413,0.972501950325
2017_1166_1417,0.350559561337
2017_1166_1423,0.557665774909
2017_1166_1425,0.639811378307
2017_1166_1433,0.732562639686
2017_1166_1435,0.723039742913
2017_1166_1436,0.938854851919
2017_1166_1437,0.234412568923
2017_1166_1438,0.498232617791
2017_1166_1439,0.626517613975
2017_1166_1448,0.639248105089
2017_1166_1452,0.354668351411
2017_1166_1455,0.447996496567
2017_1166_1457,0.938320834328
2017_1166_1458,0.545087662718
2017_1166_1462,0.573455585951
2017_1173_1181,0.284728405361
2017_1173_1190,0.709759406301
2017_1173_1195,0.729695183869
2017_1173_1196,0.308291964118
2017_1173_1199,0.298673567285
2017_1173_1211,0.167624539205
2017_1173_1233,0.868751510416
2017_1173_1235,0.418444855755
2017_1173_1240,0.916103203732
2017_1173_1242,0.196202279679
2017_1173_1243,0.435230345707
2017_1173_1245,0.900053016577
2017_1173_1246,0.216419401399
2017_1173_1257,0.290024324596
2017_1173_1266,0.506656991321
2017_1173_1268,0.348918807939
2017_1173_1274,0.416365829528
2017_1173_1276,0.425671546189
2017_1173_1277,0.498924960093
2017_1173_1278,0.383472224963
2017_1173_1291,0.944875914187
2017_1173_1292,0.965250693327
2017_1173_1297,0.849187835943
2017_1173_1300,0.973543305675
2017_1173_1305,0.47908162602
2017_1173_1308,0.780761682329
2017_1173_1309,0.91845028411
2017_1173_1314,0.190357241635
2017_1173_1315,0.9149825298
2017_1173_1321,0.423218799741
2017_1173_1323,0.321613888171
2017_1173_1329,0.249831054583
2017_1173_1332,0.23008278574
2017_1173_1343,0.82229502471
2017_1173_1344,0.45213350778
2017_1173_1345,0.243326384958
2017_1173_1348,0.595731905581
2017_1173_1355,0.886437401003
2017_1173_1371,0.427729689594
2017_1173_1374,0.353498125839
2017_1173_1376,0.335535555009
2017_1173_1388,0.405299950303
2017_1173_1407,0.905361839792
2017_1173_1411,0.959528866359
2017_1173_1413,0.925561134089
2017_1173_1417,0.175265276775
2017_1173_1423,0.46598177609
2017_1173_1425,0.435853655695
2017_1173_1433,0.546615001228
2017_1173_1435,0.699844510386
2017_1173_1436,0.685878997578
2017_1173_1437,0.135229330333
2017_1173_1438,0.39353906333
2017_1173_1439,0.383013773879
2017_1173_1448,0.547911969968
2017_1173_1452,0.208776572216
2017_1173_1455,0.268273486682
2017_1173_1457,0.863685643146
2017_1173_1458,0.313140350627
2017_1173_1462,0.441572518658
2017_1181_1190,0.915294934682
2017_1181_1195,0.951153638509
2017_1181_1196,0.550001572388
2017_1181_1199,0.521362545081
2017_1181_1211,0.459281293717
2017_1181_1233,0.967579220196
2017_1181_1235,0.598357319808
2017_1181_1240,0.98364845811
2017_1181_1242,0.333675195689
2017_1181_1243,0.726988853974
2017_1181_1245,0.965241216988
2017_1181_1246,0.498674672967
2017_1181_1257,0.490198280731
2017_1181_1266,0.762037330899
2017_1181_1268,0.657059337718
2017_1181_1274,0.67771269263
2017_1181_1276,0.71541406375
2017_1181_1277,0.763862526933
2017_1181_1278,0.650913227727
2017_1181_1291,0.980460504238
2017_1181_1292,0.98245822573
2017_1181_1297,0.956586188992
2017_1181_1300,0.961805120894
2017_1181_1305,0.785909775674
2017_1181_1308,0.949924433395
2017_1181_1309,0.983521914209
2017_1181_1314,0.361423726804
2017_1181_1315,0.980712847688
2017_1181_1321,0.734874983065
2017_1181_1323,0.554338014828
2017_1181_1329,0.627413430446
2017_1181_1332,0.550251689797
2017_1181_1343,0.958852246633
2017_1181_1344,0.804828741363
2017_1181_1345,0.529796181208
2017_1181_1348,0.847100341129
2017_1181_1355,0.982414589594
2017_1181_1371,0.783547921205
2017_1181_1374,0.674964386055
2017_1181_1376,0.668781894494
2017_1181_1388,0.783981474781
2017_1181_1407,0.977204880218
2017_1181_1411,0.980792813463
2017_1181_1413,0.983988658591
2017_1181_1417,0.495377258942
2017_1181_1423,0.836686484327
2017_1181_1425,0.803418095897
2017_1181_1433,0.775474968356
2017_1181_1435,0.842377511821
2017_1181_1436,0.943626187189
2017_1181_1437,0.368433613859
2017_1181_1438,0.543425685909
2017_1181_1439,0.755726196883
2017_1181_1448,0.746575545245
2017_1181_1452,0.543039042524
2017_1181_1455,0.558114749245
2017_1181_1457,0.953832935442
2017_1181_1458,0.631346456792
2017_1181_1462,0.700905814364
2017_1190_1195,0.585016822758
2017_1190_1196,0.198288440598
2017_1190_1199,0.18740048355
2017_1190_1211,0.0584761238299
2017_1190_1233,0.64535267033
2017_1190_1235,0.344414194681
2017_1190_1240,0.834780235182
2017_1190_1242,0.156488659387
2017_1190_1243,0.475801770396
2017_1190_1245,0.779123507544
2017_1190_1246,0.168966828977
2017_1190_1257,0.183117569297
2017_1190_1266,0.588677746768
2017_1190_1268,0.277854072051
2017_1190_1274,0.380952495065
2017_1190_1276,0.429611833196
2017_1190_1277,0.609545898011
2017_1190_1278,0.295446819315
2017_1190_1291,0.898675340508
2017_1190_1292,0.936204990916
2017_1190_1297,0.715411095327
2017_1190_1300,0.84956585458
2017_1190_1305,0.449304212775
2017_1190_1308,0.613928857313
2017_1190_1309,0.872722466214
2017_1190_1314,0.154842798582
2017_1190_1315,0.85859375921
2017_1190_1321,0.325749113753
2017_1190_1323,0.207191709121
2017_1190_1329,0.459478383462
2017_1190_1332,0.179595330592
2017_1190_1343,0.681029015047
2017_1190_1344,0.545567524877
2017_1190_1345,0.258807028606
2017_1190_1348,0.628580410863
2017_1190_1355,0.868173781431
2017_1190_1371,0.458318268807
2017_1190_1374,0.267640790193
2017_1190_1376,0.308437616124
2017_1190_1388,0.27554470153
2017_1190_1407,0.852085546478
2017_1190_1411,0.910160928346
2017_1190_1413,0.868912326537
2017_1190_1417,0.163695720446
2017_1190_1423,0.358868616913
2017_1190_1425,0.413646185063
2017_1190_1433,0.435563776691
2017_1190_1435,0.63369639759
2017_1190_1436,0.522717900069
2017_1190_1437,0.117073509732
2017_1190_1438,0.214715799422
2017_1190_1439,0.308617087624
2017_1190_1448,0.562633896349
2017_1190_1452,0.190163919413
2017_1190_1455,0.160264212318
2017_1190_1457,0.709476473282
2017_1190_1458,0.260550033086
2017_1190_1462,0.367492006596
2017_1195_1196,0.169377971387
2017_1195_1199,0.189880719483
2017_1195_1211,0.0350998111446
2017_1195_1233,0.608787039177
2017_1195_1235,0.237447238505
2017_1195_1240,0.741983660169
2017_1195_1242,0.0517331475426
2017_1195_1243,0.365332131232
2017_1195_1245,0.716606455471
2017_1195_1246,0.0655033735281
2017_1195_1257,0.179775618642
2017_1195_1266,0.478022464784
2017_1195_1268,0.192765411696
2017_1195_1274,0.260686078265
2017_1195_1276,0.300735770126
2017_1195_1277,0.517812919824
2017_1195_1278,0.264844030747
2017_1195_1291,0.814893826225
2017_1195_1292,0.896267306417
2017_1195_1297,0.588950570297
2017_1195_1300,0.804659381289
2017_1195_1305,0.302351329461
2017_1195_1308,0.575257116672
2017_1195_1309,0.839992672981
2017_1195_1314,0.0626818730152
2017_1195_1315,0.798775713879
2017_1195_1321,0.239093324028
2017_1195_1323,0.147324114806
2017_1195_1329,0.367168191413
2017_1195_1332,0.134661009559
2017_1195_1343,0.590781333453
2017_1195_1344,0.389355012082
2017_1195_1345,0.139663286676
2017_1195_1348,0.513633843937
2017_1195_1355,0.77457198878
2017_1195_1371,0.275357659884
2017_1195_1374,0.143045376302
2017_1195_1376,0.146828347196
2017_1195_1388,0.201158486696
2017_1195_1407,0.815139634265
2017_1195_1411,0.821475609752
2017_1195_1413,0.79238437968
2017_1195_1417,0.0521368590449
2017_1195_1423,0.262465511366
2017_1195_1425,0.306978176299
2017_1195_1433,0.41443896731
2017_1195_1435,0.616233894576
2017_1195_1436,0.366282596621
2017_1195_1437,0.0422349633348
2017_1195_1438,0.212739930714
2017_1195_1439,0.243081380583
2017_1195_1448,0.539565880389
2017_1195_1452,0.129277423909
2017_1195_1455,0.0666387092458
2017_1195_1457,0.566022058333
2017_1195_1458,0.241672602201
2017_1195_1462,0.26574358195
2017_1196_1199,0.488435296734
2017_1196_1211,0.370207471667
2017_1196_1233,0.966102566438
2017_1196_1235,0.565749626233
2017_1196_1240,0.976898902757
2017_1196_1242,0.32507318019
2017_1196_1243,0.730071749303
2017_1196_1245,0.973845051281
2017_1196_1246,0.432765700384
2017_1196_1257,0.465233350491
2017_1196_1266,0.745517661765
2017_1196_1268,0.623003378852
2017_1196_1274,0.660786409883
2017_1196_1276,0.640503921328
2017_1196_1277,0.786991626404
2017_1196_1278,0.609102117819
2017_1196_1291,0.983653757224
2017_1196_1292,0.984951444057
2017_1196_1297,0.950021041536
2017_1196_1300,0.958784119278
2017_1196_1305,0.723626745391
2017_1196_1308,0.93226987795
2017_1196_1309,0.972289717242
2017_1196_1314,0.360945148853
2017_1196_1315,0.975972788163
2017_1196_1321,0.699108362256
2017_1196_1323,0.552769260717
2017_1196_1329,0.634492002853
2017_1196_1332,0.469345334392
2017_1196_1343,0.963072153235
2017_1196_1344,0.788450071825
2017_1196_1345,0.550052460445
2017_1196_1348,0.84887427463
2017_1196_1355,0.963871414715
2017_1196_1371,0.737080049345
2017_1196_1374,0.698282976709
2017_1196_1376,0.643221195821
2017_1196_1388,0.76190283509
2017_1196_1407,0.977565080255
2017_1196_1411,0.980580222572
2017_1196_1413,0.979188251693
2017_1196_1417,0.366165593189
2017_1196_1423,0.77251773976
2017_1196_1425,0.763913147201
2017_1196_1433,0.788435589755
2017_1196_1435,0.758718508175
2017_1196_1436,0.911495745463
2017_1196_1437,0.317189321191
2017_1196_1438,0.517005978607
2017_1196_1439,0.659804184387
2017_1196_1448,0.732409090944
2017_1196_1452,0.499871831073
2017_1196_1455,0.553626527013
2017_1196_1457,0.936122969772
2017_1196_1458,0.603520936634
2017_1196_1462,0.708942397354
2017_1199_1211,0.292938557181
2017_1199_1233,0.969498685812
2017_1199_1235,0.533940579324
2017_1199_1240,0.973573278853
2017_1199_1242,0.293639520794
2017_1199_1243,0.69065478275
2017_1199_1245,0.955496793235
2017_1199_1246,0.42676150664
2017_1199_1257,0.461537781791
2017_1199_1266,0.761107142856
2017_1199_1268,0.660419784267
2017_1199_1274,0.589985311804
2017_1199_1276,0.575159267797
2017_1199_1277,0.669331645427
2017_1199_1278,0.624952079267
2017_1199_1291,0.979686072118
2017_1199_1292,0.983597131307
2017_1199_1297,0.96921050694
2017_1199_1300,0.961896419663
2017_1199_1305,0.722471392729
2017_1199_1308,0.94637575118
2017_1199_1309,0.978949168805
2017_1199_1314,0.290697156602
2017_1199_1315,0.974431110919
2017_1199_1321,0.727778126372
2017_1199_1323,0.518886666724
2017_1199_1329,0.579032576894
2017_1199_1332,0.430941411686
2017_1199_1343,0.92456501846
2017_1199_1344,0.781590764626
2017_1199_1345,0.5584661935
2017_1199_1348,0.816078405512
2017_1199_1355,0.961863843873
2017_1199_1371,0.752203776543
2017_1199_1374,0.601333131052
2017_1199_1376,0.66985553746
2017_1199_1388,0.728541101728
2017_1199_1407,0.963928854037
2017_1199_1411,0.984091164932
2017_1199_1413,0.977402494889
2017_1199_1417,0.437511387347
2017_1199_1423,0.763304437556
2017_1199_1425,0.782461001627
2017_1199_1433,0.786128552005
2017_1199_1435,0.808355251703
2017_1199_1436,0.938774061932
2017_1199_1437,0.319990142372
2017_1199_1438,0.531058229523
2017_1199_1439,0.694032088643
2017_1199_1448,0.711562709514
2017_1199_1452,0.478458203572
2017_1199_1455,0.47871912131
2017_1199_1457,0.96140130137
2017_1199_1458,0.60599730873
2017_1199_1462,0.666448675771
2017_1211_1233,0.970538049267
2017_1211_1235,0.823185252142
2017_1211_1240,0.976087158226
2017_1211_1242,0.343921922768
2017_1211_1243,0.860853689952
2017_1211_1245,0.975972587556
2017_1211_1246,0.640241741902
2017_1211_1257,0.679169459075
2017_1211_1266,0.8919001989
2017_1211_1268,0.848478977427
2017_1211_1274,0.785314807217
2017_1211_1276,0.889952381481
2017_1211_1277,0.879496886816
2017_1211_1278,0.868901473725
2017_1211_1291,0.981740684997
2017_1211_1292,0.987158967228
2017_1211_1297,0.970021069662
2017_1211_1300,0.984814251847
2017_1211_1305,0.856889088061
2017_1211_1308,0.951086212267
2017_1211_1309,0.982668233677
2017_1211_1314,0.571338245576
2017_1211_1315,0.9781892478
2017_1211_1321,0.895002922041
2017_1211_1323,0.785071726113
2017_1211_1329,0.798596011107
2017_1211_1332,0.481048164163
2017_1211_1343,0.960913078411
2017_1211_1344,0.89143611485
2017_1211_1345,0.747390519111
2017_1211_1348,0.922279720401
2017_1211_1355,0.981474616135
2017_1211_1371,0.873897686945
2017_1211_1374,0.654000041366
2017_1211_1376,0.828854809512
2017_1211_1388,0.748936898816
2017_1211_1407,0.982738614181
2017_1211_1411,0.981847727949
2017_1211_1413,0.978992347491
2017_1211_1417,0.446417985809
2017_1211_1423,0.884938345893
2017_1211_1425,0.880566282316
2017_1211_1433,0.89913911799
2017_1211_1435,0.853813172328
2017_1211_1436,0.937980804831
2017_1211_1437,0.439478203508
2017_1211_1438,0.82548518019
2017_1211_1439,0.898856076573
2017_1211_1448,0.869056606938
2017_1211_1452,0.699473330891
2017_1211_1455,0.560304216095
2017_1211_1457,0.962211801466
2017_1211_1458,0.809496379086
2017_1211_1462,0.888748711759
2017_1233_1235,0.13829214107
2017_1233_1240,0.621771603495
2017_1233_1242,0.0362259140574
2017_1233_1243,0.179620509305
2017_1233_1245,0.515149260435
2017_1233_1246,0.031381488699
2017_1233_1257,0.0580192213517
2017_1233_1266,0.207866411903
2017_1233_1268,0.177592998236
2017_1233_1274,0.133819004967
2017_1233_1276,0.166815137934
2017_1233_1277,0.210648227166
2017_1233_1278,0.141542235483
2017_1233_1291,0.651764418115
2017_1233_1292,0.767642332467
2017_1233_1297,0.433962400937
2017_1233_1300,0.782092343644
2017_1233_1305,0.218201008343
2017_1233_1308,0.416554337999
2017_1233_1309,0.71593731544
2017_1233_1314,0.037494106094
2017_1233_1315,0.68669822224
2017_1233_1321,0.201360163719
2017_1233_1323,0.118197102502
2017_1233_1329,0.160358622814
2017_1233_1332,0.0461251631432
2017_1233_1343,0.466639287896
2017_1233_1344,0.191842687422
2017_1233_1345,0.0722642946031
2017_1233_1348,0.294013283297
2017_1233_1355,0.615263029849
2017_1233_1371,0.167063225181
2017_1233_1374,0.0612816456186
2017_1233_1376,0.141423415973
2017_1233_1388,0.0733991639179
2017_1233_1407,0.634110819094
2017_1233_1411,0.690049064465
2017_1233_1413,0.67728824266
2017_1233_1417,0.0333796352864
2017_1233_1423,0.184871260451
2017_1233_1425,0.241972641996
2017_1233_1433,0.211239770754
2017_1233_1435,0.213277375603
2017_1233_1436,0.259213993406
2017_1233_1437,0.0220830742129
2017_1233_1438,0.0817598724395
2017_1233_1439,0.155284387458
2017_1233_1448,0.250956715677
2017_1233_1452,0.0674981077353
2017_1233_1455,0.0313776281452
2017_1233_1457,0.48824145931
2017_1233_1458,0.126413922838
2017_1233_1462,0.191241755421
2017_1235_1240,0.957476078491
2017_1235_1242,0.238246563032
2017_1235_1243,0.594852966747
2017_1235_1245,0.962291410871
2017_1235_1246,0.332942979218
2017_1235_1257,0.325999326254
2017_1235_1266,0.611692833969
2017_1235_1268,0.515872193386
2017_1235_1274,0.548921509825
2017_1235_1276,0.588346842954
2017_1235_1277,0.665472571828
2017_1235_1278,0.465680206315
2017_1235_1291,0.966333732425
2017_1235_1292,0.980238246641
2017_1235_1297,0.932463432516
2017_1235_1300,0.946127778296
2017_1235_1305,0.68533375047
2017_1235_1308,0.825482192563
2017_1235_1309,0.974946100318
2017_1235_1314,0.256108488751
2017_1235_1315,0.967947722919
2017_1235_1321,0.667711596868
2017_1235_1323,0.411658698526
2017_1235_1329,0.527025091222
2017_1235_1332,0.33322997862
2017_1235_1343,0.957397190105
2017_1235_1344,0.699247780111
2017_1235_1345,0.406790348993
2017_1235_1348,0.732447867259
2017_1235_1355,0.971888174443
2017_1235_1371,0.580113100053
2017_1235_1374,0.551656910646
2017_1235_1376,0.534452493164
2017_1235_1388,0.510764404278
2017_1235_1407,0.966964455928
2017_1235_1411,0.961652052556
2017_1235_1413,0.966773975391
2017_1235_1417,0.279173181354
2017_1235_1423,0.747305964426
2017_1235_1425,0.605653413557
2017_1235_1433,0.666346002942
2017_1235_1435,0.698314244984
2017_1235_1436,0.915107907056
2017_1235_1437,0.230849251067
2017_1235_1438,0.42066067141
2017_1235_1439,0.532996507495
2017_1235_1448,0.618305168529
2017_1235_1452,0.356388570925
2017_1235_1455,0.367059039089
2017_1235_1457,0.848522257073
2017_1235_1458,0.508311299623
2017_1235_1462,0.52955901633
2017_1240_1242,0.023298864093
2017_1240_1243,0.172056212637
2017_1240_1245,0.460473680297
2017_1240_1246,0.0250710046065
2017_1240_1257,0.0423462787773
2017_1240_1266,0.105376618276
2017_1240_1268,0.104919993873
2017_1240_1274,0.11628002673
2017_1240_1276,0.0505990241225
2017_1240_1277,0.152505165861
2017_1240_1278,0.108884988912
2017_1240_1291,0.543070827896
2017_1240_1292,0.658690769906
2017_1240_1297,0.301614051509
2017_1240_1300,0.680726357557
2017_1240_1305,0.0956464092004
2017_1240_1308,0.261664813408
2017_1240_1309,0.593979565371
2017_1240_1314,0.0263705229802
2017_1240_1315,0.532780052553
2017_1240_1321,0.112468325443
2017_1240_1323,0.0391079515771
2017_1240_1329,0.0796376810787
2017_1240_1332,0.0281805802546
2017_1240_1343,0.332633446259
2017_1240_1344,0.21753578409
2017_1240_1345,0.0380134710939
2017_1240_1348,0.207431020902
2017_1240_1355,0.490333150203
2017_1240_1371,0.132247454726
2017_1240_1374,0.0275909860931
2017_1240_1376,0.0935080195956
2017_1240_1388,0.0341334537395
2017_1240_1407,0.529115692398
2017_1240_1411,0.614932211244
2017_1240_1413,0.553219210297
2017_1240_1417,0.0201558458354
2017_1240_1423,0.0928810494642
2017_1240_1425,0.149423946003
2017_1240_1433,0.17465319225
2017_1240_1435,0.184057395787
2017_1240_1436,0.174484941884
2017_1240_1437,0.0167749792884
2017_1240_1438,0.057841948981
2017_1240_1439,0.113102904472
2017_1240_1448,0.154672384761
2017_1240_1452,0.0479494331135
2017_1240_1455,0.0224401235973
2017_1240_1457,0.267706408695
2017_1240_1458,0.0596890154953
2017_1240_1462,0.127591375165
2017_1242_1243,0.877330512236
2017_1242_1245,0.978818586693
2017_1242_1246,0.608379143882
2017_1242_1257,0.656701405589
2017_1242_1266,0.879178765548
2017_1242_1268,0.839122930143
2017_1242_1274,0.79592855722
2017_1242_1276,0.752960981548
2017_1242_1277,0.898155549693
2017_1242_1278,0.813945100196
2017_1242_1291,0.984214508773
2017_1242_1292,0.986034788298
2017_1242_1297,0.983287649817
2017_1242_1300,0.977308422353
2017_1242_1305,0.925038330062
2017_1242_1308,0.9722717375
2017_1242_1309,0.97528899073
2017_1242_1314,0.554198040282
2017_1242_1315,0.97888956031
2017_1242_1321,0.85316859409
2017_1242_1323,0.731681570028
2017_1242_1329,0.822200650419
2017_1242_1332,0.703970987881
2017_1242_1343,0.970749697885
2017_1242_1344,0.900841592247
2017_1242_1345,0.70564274535
2017_1242_1348,0.878846391002
2017_1242_1355,0.976160289992
2017_1242_1371,0.876858458229
2017_1242_1374,0.693361370385
2017_1242_1376,0.827170766019
2017_1242_1388,0.851960010823
2017_1242_1407,0.978955524438
2017_1242_1411,0.985656393653
2017_1242_1413,0.979128733391
2017_1242_1417,0.654077949113
2017_1242_1423,0.95074339351
2017_1242_1425,0.879863331088
2017_1242_1433,0.87119162471
2017_1242_1435,0.900918583714
2017_1242_1436,0.964219722899
2017_1242_1437,0.514904182772
2017_1242_1438,0.715337785657
2017_1242_1439,0.852963022414
2017_1242_1448,0.88917944473
2017_1242_1452,0.695975864342
2017_1242_1455,0.772045113971
2017_1242_1457,0.974766177993
2017_1242_1458,0.768019019081
2017_1242_1462,0.854212123114
2017_1243_1245,0.945003887079
2017_1243_1246,0.232504045507
2017_1243_1257,0.229949362058
2017_1243_1266,0.53713249839
2017_1243_1268,0.406950061123
2017_1243_1274,0.427506132072
2017_1243_1276,0.484392552618
2017_1243_1277,0.542287956734
2017_1243_1278,0.420788400165
2017_1243_1291,0.969510515462
2017_1243_1292,0.97668071133
2017_1243_1297,0.885569820985
2017_1243_1300,0.902823623685
2017_1243_1305,0.615660880807
2017_1243_1308,0.849029535457
2017_1243_1309,0.968829758653
2017_1243_1314,0.174509633382
2017_1243_1315,0.959355183506
2017_1243_1321,0.477116403209
2017_1243_1323,0.316613702131
2017_1243_1329,0.433979897084
2017_1243_1332,0.218689201441
2017_1243_1343,0.922908772854
2017_1243_1344,0.551683957666
2017_1243_1345,0.301652630768
2017_1243_1348,0.698094843178
2017_1243_1355,0.935301782948
2017_1243_1371,0.487131148883
2017_1243_1374,0.408379230494
2017_1243_1376,0.431305372906
2017_1243_1388,0.365359938706
2017_1243_1407,0.95708211529
2017_1243_1411,0.955512557794
2017_1243_1413,0.966220238617
2017_1243_1417,0.183388717623
2017_1243_1423,0.517766034826
2017_1243_1425,0.534814997939
2017_1243_1433,0.686505866489
2017_1243_1435,0.565174909277
2017_1243_1436,0.752275096968
2017_1243_1437,0.150773592229
2017_1243_1438,0.323305543847
2017_1243_1439,0.456480806189
2017_1243_1448,0.554239299584
2017_1243_1452,0.25119828385
2017_1243_1455,0.175643149116
2017_1243_1457,0.737026714688
2017_1243_1458,0.431846830272
2017_1243_1462,0.447929390189
2017_1245_1246,0.0272970781942
2017_1245_1257,0.0337903471554
2017_1245_1266,0.212445338238
2017_1245_1268,0.137168187184
2017_1245_1274,0.130812010605
2017_1245_1276,0.135524694736
2017_1245_1277,0.136988964163
2017_1245_1278,0.175747581546
2017_1245_1291,0.634792959367
2017_1245_1292,0.773268816771
2017_1245_1297,0.393032077214
2017_1245_1300,0.799015287223
2017_1245_1305,0.16582053898
2017_1245_1308,0.309367690483
2017_1245_1309,0.607214569524
2017_1245_1314,0.021331836309
2017_1245_1315,0.683776564341
2017_1245_1321,0.154242030053
2017_1245_1323,0.0759423117995
2017_1245_1329,0.117434638832
2017_1245_1332,0.0236786731541
2017_1245_1343,0.375236741701
2017_1245_1344,0.266298595483
2017_1245_1345,0.0372241077605
2017_1245_1348,0.244253709299
2017_1245_1355,0.511894778702
2017_1245_1371,0.165271887317
2017_1245_1374,0.0504464329096
2017_1245_1376,0.12238602223
2017_1245_1388,0.0604535538554
2017_1245_1407,0.523916452449
2017_1245_1411,0.659934729394
2017_1245_1413,0.675450225474
2017_1245_1417,0.0210151890257
2017_1245_1423,0.122951612481
2017_1245_1425,0.191791055205
2017_1245_1433,0.159096867265
2017_1245_1435,0.178609837568
2017_1245_1436,0.208365547981
2017_1245_1437,0.020410886822
2017_1245_1438,0.048095455593
2017_1245_1439,0.17781392193
2017_1245_1448,0.180538794058
2017_1245_1452,0.0361460774671
2017_1245_1455,0.0251503131664
2017_1245_1457,0.323360918931
2017_1245_1458,0.101917958393
2017_1245_1462,0.138595155351
2017_1246_1257,0.508822395838
2017_1246_1266,0.835310584971
2017_1246_1268,0.731413603003
2017_1246_1274,0.654191807229
2017_1246_1276,0.769893400785
2017_1246_1277,0.834768040262
2017_1246_1278,0.719857288296
2017_1246_1291,0.981677385746
2017_1246_1292,0.984925014132
2017_1246_1297,0.964063430998
2017_1246_1300,0.981070290211
2017_1246_1305,0.818633525695
2017_1246_1308,0.971207299447
2017_1246_1309,0.98306243371
2017_1246_1314,0.401124315737
2017_1246_1315,0.98079845752
2017_1246_1321,0.793060159273
2017_1246_1323,0.575982472391
2017_1246_1329,0.657688744228
2017_1246_1332,0.481810862354
2017_1246_1343,0.975207008368
2017_1246_1344,0.819668783074
2017_1246_1345,0.573780796408
2017_1246_1348,0.892349598991
2017_1246_1355,0.978689442462
2017_1246_1371,0.790022111281
2017_1246_1374,0.681839844716
2017_1246_1376,0.715755285528
2017_1246_1388,0.726201970577
2017_1246_1407,0.982651094515
2017_1246_1411,0.981642046741
2017_1246_1413,0.98256614884
2017_1246_1417,0.504571454766
2017_1246_1423,0.838202190896
2017_1246_1425,0.841511624762
2017_1246_1433,0.820289186902
2017_1246_1435,0.858661641514
2017_1246_1436,0.954741102081
2017_1246_1437,0.360790007172
2017_1246_1438,0.548212313112
2017_1246_1439,0.783993335497
2017_1246_1448,0.815052833845
2017_1246_1452,0.577040022863
2017_1246_1455,0.651003415094
2017_1246_1457,0.956861564251
2017_1246_1458,0.675799934176
2017_1246_1462,0.749339535397
2017_1257_1266,0.804002033814
2017_1257_1268,0.757333084988
2017_1257_1274,0.736207749125
2017_1257_1276,0.714149008188
2017_1257_1277,0.817227457944
2017_1257_1278,0.727334313441
2017_1257_1291,0.984313328569
2017_1257_1292,0.985601148724
2017_1257_1297,0.963879762098
2017_1257_1300,0.967306905798
2017_1257_1305,0.855649667143
2017_1257_1308,0.931073889743
2017_1257_1309,0.972991522467
2017_1257_1314,0.418765929492
2017_1257_1315,0.975264828648
2017_1257_1321,0.788653458951
2017_1257_1323,0.545160816427
2017_1257_1329,0.676957457299
2017_1257_1332,0.552954144119
2017_1257_1343,0.969999504826
2017_1257_1344,0.844610008722
2017_1257_1345,0.63519532188
2017_1257_1348,0.873541134279
2017_1257_1355,0.97337057042
2017_1257_1371,0.784086554628
2017_1257_1374,0.729037095043
2017_1257_1376,0.760464220458
2017_1257_1388,0.806779085709
2017_1257_1407,0.977528441411
2017_1257_1411,0.980514516734
2017_1257_1413,0.977621939538
2017_1257_1417,0.530612545435
2017_1257_1423,0.879921529081
2017_1257_1425,0.793134036478
2017_1257_1433,0.798516085017
2017_1257_1435,0.798042982532
2017_1257_1436,0.905136860971
2017_1257_1437,0.342856231679
2017_1257_1438,0.598069526139
2017_1257_1439,0.775757783603
2017_1257_1448,0.807854290897
2017_1257_1452,0.5562610943
2017_1257_1455,0.560165178036
2017_1257_1457,0.937700505893
2017_1257_1458,0.698562131496
2017_1257_1462,0.726026221793
2017_1266_1268,0.351720732875
2017_1266_1274,0.34550877952
2017_1266_1276,0.396921306962
2017_1266_1277,0.482886220305
2017_1266_1278,0.325964812968
2017_1266_1291,0.961371010983
2017_1266_1292,0.971191166736
2017_1266_1297,0.89649698264
2017_1266_1300,0.943281908174
2017_1266_1305,0.552294931936
2017_1266_1308,0.745307834493
2017_1266_1309,0.956779212583
2017_1266_1314,0.119224240841
2017_1266_1315,0.951559942436
2017_1266_1321,0.417162742324
2017_1266_1323,0.25480334771
2017_1266_1329,0.38783086796
2017_1266_1332,0.19635944644
2017_1266_1343,0.905739125211
2017_1266_1344,0.474330548751
2017_1266_1345,0.304465820065
2017_1266_1348,0.600821533133
2017_1266_1355,0.894438842299
2017_1266_1371,0.370467980905
2017_1266_1374,0.314786302067
2017_1266_1376,0.332169657658
2017_1266_1388,0.319124510194
2017_1266_1407,0.95439421337
2017_1266_1411,0.948678607186
2017_1266_1413,0.950199166745
2017_1266_1417,0.199206093627
2017_1266_1423,0.454607078624
2017_1266_1425,0.434500512247
2017_1266_1433,0.510233294937
2017_1266_1435,0.554045714229
2017_1266_1436,0.649928825467
2017_1266_1437,0.117814937574
2017_1266_1438,0.225670463975
2017_1266_1439,0.393857161904
2017_1266_1448,0.519536857502
2017_1266_1452,0.229942544399
2017_1266_1455,0.213526397447
2017_1266_1457,0.834271937439
2017_1266_1458,0.32432736894
2017_1266_1462,0.345522473023
2017_1268_1274,0.522178962888
2017_1268_1276,0.558187029385
2017_1268_1277,0.579436779279
2017_1268_1278,0.548214007877
2017_1268_1291,0.97507501303
2017_1268_1292,0.974184040504
2017_1268_1297,0.911701368679
2017_1268_1300,0.962649875942
2017_1268_1305,0.684853320652
2017_1268_1308,0.931571549212
2017_1268_1309,0.95159461221
2017_1268_1314,0.193604393698
2017_1268_1315,0.946614281954
2017_1268_1321,0.55485152766
2017_1268_1323,0.420156399662
2017_1268_1329,0.521206200719
2017_1268_1332,0.315212386027
2017_1268_1343,0.849377520227
2017_1268_1344,0.605639939486
2017_1268_1345,0.360527780234
2017_1268_1348,0.668714942894
2017_1268_1355,0.885867278845
2017_1268_1371,0.577989771028
2017_1268_1374,0.460852368081
2017_1268_1376,0.538956951771
2017_1268_1388,0.575397035327
2017_1268_1407,0.932838587631
2017_1268_1411,0.97255422778
2017_1268_1413,0.96347527335
2017_1268_1417,0.289051614745
2017_1268_1423,0.64434715667
2017_1268_1425,0.550374022443
2017_1268_1433,0.635043362868
2017_1268_1435,0.652637913587
2017_1268_1436,0.856293361254
2017_1268_1437,0.156152806769
2017_1268_1438,0.475775298253
2017_1268_1439,0.545655311379
2017_1268_1448,0.569707660977
2017_1268_1452,0.286670725218
2017_1268_1455,0.344535770842
2017_1268_1457,0.919498245113
2017_1268_1458,0.505221111112
2017_1268_1462,0.545025538172
2017_1274_1276,0.511054092737
2017_1274_1277,0.466854803708
2017_1274_1278,0.444003599249
2017_1274_1291,0.972989913851
2017_1274_1292,0.979278717141
2017_1274_1297,0.921854181752
2017_1274_1300,0.92611037504
2017_1274_1305,0.576955810238
2017_1274_1308,0.762104578849
2017_1274_1309,0.967040282631
2017_1274_1314,0.210733287501
2017_1274_1315,0.968783484773
2017_1274_1321,0.483673804985
2017_1274_1323,0.3688843503
2017_1274_1329,0.474562876643
2017_1274_1332,0.245111837597
2017_1274_1343,0.924149287934
2017_1274_1344,0.578305343015
2017_1274_1345,0.308835627544
2017_1274_1348,0.699717089805
2017_1274_1355,0.952982638226
2017_1274_1371,0.588605678652
2017_1274_1374,0.395667147747
2017_1274_1376,0.476723545965
2017_1274_1388,0.378367165773
2017_1274_1407,0.9644757859
2017_1274_1411,0.971463004026
2017_1274_1413,0.974355548404
2017_1274_1417,0.227636016861
2017_1274_1423,0.717387770703
2017_1274_1425,0.563683899301
2017_1274_1433,0.667771979736
2017_1274_1435,0.529541863343
2017_1274_1436,0.800285983438
2017_1274_1437,0.201523954063
2017_1274_1438,0.333250030668
2017_1274_1439,0.507200506485
2017_1274_1448,0.483578372665
2017_1274_1452,0.293612542227
2017_1274_1455,0.187066925189
2017_1274_1457,0.765104472129
2017_1274_1458,0.431618985539
2017_1274_1462,0.473444286622
2017_1276_1277,0.544808338428
2017_1276_1278,0.386171449872
2017_1276_1291,0.95114890775
2017_1276_1292,0.979809342984
2017_1276_1297,0.913487246826
2017_1276_1300,0.925366004805
2017_1276_1305,0.619138718949
2017_1276_1308,0.825379561076
2017_1276_1309,0.954493786935
2017_1276_1314,0.180633728166
2017_1276_1315,0.961046835975
2017_1276_1321,0.481984338363
2017_1276_1323,0.331791491194
2017_1276_1329,0.485761123711
2017_1276_1332,0.300183744346
2017_1276_1343,0.903219639659
2017_1276_1344,0.590430746811
2017_1276_1345,0.356860056873
2017_1276_1348,0.719447787524
2017_1276_1355,0.909426411824
2017_1276_1371,0.488139671802
2017_1276_1374,0.392599942408
2017_1276_1376,0.414567398519
2017_1276_1388,0.422351757871
2017_1276_1407,0.962796062133
2017_1276_1411,0.950130478899
2017_1276_1413,0.955503980927
2017_1276_1417,0.222430764824
2017_1276_1423,0.587036523163
2017_1276_1425,0.492706099729
2017_1276_1433,0.570296929977
2017_1276_1435,0.608912530229
2017_1276_1436,0.804250207471
2017_1276_1437,0.175743150367
2017_1276_1438,0.376266028618
2017_1276_1439,0.473440783427
2017_1276_1448,0.52597950311
2017_1276_1452,0.272503730992
2017_1276_1455,0.310850239599
2017_1276_1457,0.852838359533
2017_1276_1458,0.409970103719
2017_1276_1462,0.516828708132
2017_1277_1278,0.379068382977
2017_1277_1291,0.966047116025
2017_1277_1292,0.977477939038
2017_1277_1297,0.810453696667
2017_1277_1300,0.873378823483
2017_1277_1305,0.517982376494
2017_1277_1308,0.848865136982
2017_1277_1309,0.969017909056
2017_1277_1314,0.138115595466
2017_1277_1315,0.953162166643
2017_1277_1321,0.417515899838
2017_1277_1323,0.291004666966
2017_1277_1329,0.366708248761
2017_1277_1332,0.180085128494
2017_1277_1343,0.929456099301
2017_1277_1344,0.501309523185
2017_1277_1345,0.267970048982
2017_1277_1348,0.686125164643
2017_1277_1355,0.945149771598
2017_1277_1371,0.43635929477
2017_1277_1374,0.25520996951
2017_1277_1376,0.422086991083
2017_1277_1388,0.394847368577
2017_1277_1407,0.947738690621
2017_1277_1411,0.933632711079
2017_1277_1413,0.957969649907
2017_1277_1417,0.168420916281
2017_1277_1423,0.563550777425
2017_1277_1425,0.478399187651
2017_1277_1433,0.554861437366
2017_1277_1435,0.528349142007
2017_1277_1436,0.71367652957
2017_1277_1437,0.156405862716
2017_1277_1438,0.261063956662
2017_1277_1439,0.426663613984
2017_1277_1448,0.474435663688
2017_1277_1452,0.212398680788
2017_1277_1455,0.135203039721
2017_1277_1457,0.783488035597
2017_1277_1458,0.380803564863
2017_1277_1462,0.375167171366
2017_1278_1291,0.976615732301
2017_1278_1292,0.974929779832
2017_1278_1297,0.948427812727
2017_1278_1300,0.969228617108
2017_1278_1305,0.682048575966
2017_1278_1308,0.922447580361
2017_1278_1309,0.961524623211
2017_1278_1314,0.190348777697
2017_1278_1315,0.967948422413
2017_1278_1321,0.562456893049
2017_1278_1323,0.43919444276
2017_1278_1329,0.555484293653
2017_1278_1332,0.296917526621
2017_1278_1343,0.86389963581
2017_1278_1344,0.645264086139
2017_1278_1345,0.360063264481
2017_1278_1348,0.666016115913
2017_1278_1355,0.916465847514
2017_1278_1371,0.573802564235
2017_1278_1374,0.49316576375
2017_1278_1376,0.529740676618
2017_1278_1388,0.496192574405
2017_1278_1407,0.961240035932
2017_1278_1411,0.974206976767
2017_1278_1413,0.975589103518
2017_1278_1417,0.269607159108
2017_1278_1423,0.630773225603
2017_1278_1425,0.548158026944
2017_1278_1433,0.651003107016
2017_1278_1435,0.619627715156
2017_1278_1436,0.872844554097
2017_1278_1437,0.210834441552
2017_1278_1438,0.418002103839
2017_1278_1439,0.53413229205
2017_1278_1448,0.562910428009
2017_1278_1452,0.289229423024
2017_1278_1455,0.288196816435
2017_1278_1457,0.927203534197
2017_1278_1458,0.525565060887
2017_1278_1462,0.491705037764
2017_1291_1292,0.609183023479
2017_1291_1297,0.251888564405
2017_1291_1300,0.569961665563
2017_1291_1305,0.0924156589082
2017_1291_1308,0.253381538096
2017_1291_1309,0.521442684097
2017_1291_1314,0.0177114068922
2017_1291_1315,0.483511235587
2017_1291_1321,0.0768889805371
2017_1291_1323,0.0277581073733
2017_1291_1329,0.0431617906509
2017_1291_1332,0.019151473792
2017_1291_1343,0.270486029372
2017_1291_1344,0.106186162096
2017_1291_1345,0.0256457477526
2017_1291_1348,0.1300239035
2017_1291_1355,0.46408518889
2017_1291_1371,0.0833107781788
2017_1291_1374,0.0306731083761
2017_1291_1376,0.0568019606046
2017_1291_1388,0.0265708350326
2017_1291_1407,0.492554454873
2017_1291_1411,0.605812270267
2017_1291_1413,0.499757166354
2017_1291_1417,0.020634197214
2017_1291_1423,0.0875782452792
2017_1291_1425,0.0775673494384
2017_1291_1433,0.0899325077016
2017_1291_1435,0.132881444313
2017_1291_1436,0.116229826692
2017_1291_1437,0.0164986842732
2017_1291_1438,0.0442430360095
2017_1291_1439,0.0819935659742
2017_1291_1448,0.107894670505
2017_1291_1452,0.0332146153476
2017_1291_1455,0.0207617567145
2017_1291_1457,0.245492454334
2017_1291_1458,0.033289139421
2017_1291_1462,0.0871009431266
2017_1292_1297,0.137660293117
2017_1292_1300,0.323110928498
2017_1292_1305,0.0505497575645
2017_1292_1308,0.118196448101
2017_1292_1309,0.352222156851
2017_1292_1314,0.0160898676057
2017_1292_1315,0.369895958913
2017_1292_1321,0.035591213082
2017_1292_1323,0.0192405075027
2017_1292_1329,0.0348224529617
2017_1292_1332,0.0157333909801
2017_1292_1343,0.123433912528
2017_1292_1344,0.0638659806423
2017_1292_1345,0.017718823
2017_1292_1348,0.0634553310345
2017_1292_1355,0.319130175923
2017_1292_1371,0.0596519651299
2017_1292_1374,0.0218344345988
2017_1292_1376,0.0313916268325
2017_1292_1388,0.0187236166362
2017_1292_1407,0.301708482315
2017_1292_1411,0.325867542638
2017_1292_1413,0.304383493038
2017_1292_1417,0.015671732887
2017_1292_1423,0.0618972464706
2017_1292_1425,0.0549510965067
2017_1292_1433,0.0433475473426
2017_1292_1435,0.0720070222444
2017_1292_1436,0.0610997377336
2017_1292_1437,0.0152477649048
2017_1292_1438,0.0251114643241
2017_1292_1439,0.0481552179232
2017_1292_1448,0.0452040031931
2017_1292_1452,0.0244998529584
2017_1292_1455,0.0168108116717
2017_1292_1457,0.146686970443
2017_1292_1458,0.0215778819354
2017_1292_1462,0.0330190337359
2017_1297_1300,0.6991629208
2017_1297_1305,0.207369083746
2017_1297_1308,0.415839998593
2017_1297_1309,0.669847480469
2017_1297_1314,0.0404880606722
2017_1297_1315,0.592680635122
2017_1297_1321,0.216651007339
2017_1297_1323,0.108169685811
2017_1297_1329,0.14998435915
2017_1297_1332,0.0415832924693
2017_1297_1343,0.520673009368
2017_1297_1344,0.212208882543
2017_1297_1345,0.0565439768529
2017_1297_1348,0.410182653724
2017_1297_1355,0.674060283681
2017_1297_1371,0.177416230205
2017_1297_1374,0.105450045179
2017_1297_1376,0.136032561797
2017_1297_1388,0.0576298737564
2017_1297_1407,0.612496977194
2017_1297_1411,0.780449162972
2017_1297_1413,0.629843501936
2017_1297_1417,0.0338837005078
2017_1297_1423,0.179502688268
2017_1297_1425,0.238334928011
2017_1297_1433,0.270523634892
2017_1297_1435,0.341344499928
2017_1297_1436,0.294485809421
2017_1297_1437,0.0309952952519
2017_1297_1438,0.155455460582
2017_1297_1439,0.190066501208
2017_1297_1448,0.244155909804
2017_1297_1452,0.0631515804276
2017_1297_1455,0.0363801363102
2017_1297_1457,0.514259205902
2017_1297_1458,0.120620868048
2017_1297_1462,0.207425183092
2017_1300_1305,0.126209735899
2017_1300_1308,0.25210274749
2017_1300_1309,0.513304088893
2017_1300_1314,0.0411732107622
2017_1300_1315,0.381593028421
2017_1300_1321,0.156910555385
2017_1300_1323,0.0729082988909
2017_1300_1329,0.153488653226
2017_1300_1332,0.0437294385029
2017_1300_1343,0.244185189133
2017_1300_1344,0.239597324683
2017_1300_1345,0.0535992708781
2017_1300_1348,0.16617974888
2017_1300_1355,0.313195041712
2017_1300_1371,0.188564244166
2017_1300_1374,0.0343466171599
2017_1300_1376,0.142781910114
2017_1300_1388,0.0451492805794
2017_1300_1407,0.395967449079
2017_1300_1411,0.550861363409
2017_1300_1413,0.48310677375
2017_1300_1417,0.0173656759165
2017_1300_1423,0.12698990248
2017_1300_1425,0.173102492616
2017_1300_1433,0.152851770353
2017_1300_1435,0.238256248172
2017_1300_1436,0.154924990623
2017_1300_1437,0.0292150919429
2017_1300_1438,0.109947386307
2017_1300_1439,0.214927800685
2017_1300_1448,0.163195114447
2017_1300_1452,0.0653784809633
2017_1300_1455,0.0224931001133
2017_1300_1457,0.268027112938
2017_1300_1458,0.0946123870217
2017_1300_1462,0.182708131568
2017_1305_1308,0.775536922101
2017_1305_1309,0.937223892892
2017_1305_1314,0.194612890751
2017_1305_1315,0.900609573427
2017_1305_1321,0.46391468146
2017_1305_1323,0.457925335762
2017_1305_1329,0.508307887419
2017_1305_1332,0.266955655462
2017_1305_1343,0.77793189553
2017_1305_1344,0.641610382446
2017_1305_1345,0.355803429228
2017_1305_1348,0.561082193161
2017_1305_1355,0.915750604437
2017_1305_1371,0.567937209465
2017_1305_1374,0.296017067856
2017_1305_1376,0.405250462265
2017_1305_1388,0.331074447142
2017_1305_1407,0.916082866862
2017_1305_1411,0.92594313227
2017_1305_1413,0.92465924606
2017_1305_1417,0.14145201626
2017_1305_1423,0.434636359847
2017_1305_1425,0.430495317707
2017_1305_1433,0.521717528304
2017_1305_1435,0.65140139861
2017_1305_1436,0.636638140257
2017_1305_1437,0.169098732186
2017_1305_1438,0.324793787157
2017_1305_1439,0.381015893532
2017_1305_1448,0.670091310731
2017_1305_1452,0.365413780585
2017_1305_1455,0.200276429513
2017_1305_1457,0.764493636409
2017_1305_1458,0.450211398467
2017_1305_1462,0.394359571716
2017_1308_1309,0.876549911089
2017_1308_1314,0.0655727336268
2017_1308_1315,0.76892791617
2017_1308_1321,0.187671416174
2017_1308_1323,0.184967807051
2017_1308_1329,0.402069702959
2017_1308_1332,0.0973723579587
2017_1308_1343,0.561068169241
2017_1308_1344,0.364829147596
2017_1308_1345,0.21389071288
2017_1308_1348,0.463948103029
2017_1308_1355,0.774174243975
2017_1308_1371,0.236858626051
2017_1308_1374,0.138696347459
2017_1308_1376,0.160935033872
2017_1308_1388,0.146052360812
2017_1308_1407,0.74648041687
2017_1308_1411,0.815705616123
2017_1308_1413,0.776461163833
2017_1308_1417,0.125990796311
2017_1308_1423,0.293903635842
2017_1308_1425,0.234603621795
2017_1308_1433,0.341463907894
2017_1308_1435,0.549644419468
2017_1308_1436,0.362920011522
2017_1308_1437,0.0497568779712
2017_1308_1438,0.172497313053
2017_1308_1439,0.16813729439
2017_1308_1448,0.474280743344
2017_1308_1452,0.0950189747325
2017_1308_1455,0.0756671038604
2017_1308_1457,0.537534454409
2017_1308_1458,0.241472840682
2017_1308_1462,0.294861605405
2017_1309_1314,0.0153045253463
2017_1309_1315,0.4154259068
2017_1309_1321,0.0583882385916
2017_1309_1323,0.026984154854
2017_1309_1329,0.0243200828639
2017_1309_1332,0.0187204140885
2017_1309_1343,0.203254943437
2017_1309_1344,0.127528047016
2017_1309_1345,0.0190494449845
2017_1309_1348,0.112911028279
2017_1309_1355,0.414729891093
2017_1309_1371,0.138357390789
2017_1309_1374,0.0255373633284
2017_1309_1376,0.0420538695663
2017_1309_1388,0.0258343814389
2017_1309_1407,0.434302073155
2017_1309_1411,0.464966478429
2017_1309_1413,0.464360413231
2017_1309_1417,0.0100173171888
2017_1309_1423,0.0684000379802
2017_1309_1425,0.0733218905064
2017_1309_1433,0.105280864412
2017_1309_1435,0.123451209437
2017_1309_1436,0.10314807677
2017_1309_1437,0.0156842191477
2017_1309_1438,0.0483941961656
2017_1309_1439,0.0709356283073
2017_1309_1448,0.0442139018653
2017_1309_1452,0.012118071788
2017_1309_1455,0.0184569024233
2017_1309_1457,0.197091506588
2017_1309_1458,0.0289501471015
2017_1309_1462,0.108316449827
2017_1314_1315,0.979048477289
2017_1314_1321,0.864385773517
2017_1314_1323,0.683179467223
2017_1314_1329,0.785163467727
2017_1314_1332,0.666901966839
2017_1314_1343,0.964709831699
2017_1314_1344,0.905378184247
2017_1314_1345,0.683663022871
2017_1314_1348,0.896541061606
2017_1314_1355,0.976122840289
2017_1314_1371,0.883201839367
2017_1314_1374,0.748764943096
2017_1314_1376,0.812305615998
2017_1314_1388,0.814091309862
2017_1314_1407,0.980474765817
2017_1314_1411,0.983663562126
2017_1314_1413,0.98038985054
2017_1314_1417,0.686552930409
2017_1314_1423,0.9359643501
2017_1314_1425,0.889494862167
2017_1314_1433,0.888246460734
2017_1314_1435,0.904347347185
2017_1314_1436,0.961442422674
2017_1314_1437,0.463175702815
2017_1314_1438,0.666781197431
2017_1314_1439,0.855448740214
2017_1314_1448,0.891139406547
2017_1314_1452,0.643296986263
2017_1314_1455,0.781024467141
2017_1314_1457,0.966325139702
2017_1314_1458,0.785277207081
2017_1314_1462,0.811688695214
2017_1315_1321,0.109855717471
2017_1315_1323,0.0449186548678
2017_1315_1329,0.0991096080724
2017_1315_1332,0.02684588669
2017_1315_1343,0.249360747168
2017_1315_1344,0.217041356787
2017_1315_1345,0.0465421302929
2017_1315_1348,0.190375380551
2017_1315_1355,0.416057099343
2017_1315_1371,0.16331602838
2017_1315_1374,0.0284180072451
2017_1315_1376,0.114267076301
2017_1315_1388,0.0487506284965
2017_1315_1407,0.48437007097
2017_1315_1411,0.525840232258
2017_1315_1413,0.537034352243
2017_1315_1417,0.0118727781525
2017_1315_1423,0.08357672289
2017_1315_1425,0.174234475762
2017_1315_1433,0.17468462238
2017_1315_1435,0.150984675414
2017_1315_1436,0.121987544486
2017_1315_1437,0.0176169945501
2017_1315_1438,0.0646392095768
2017_1315_1439,0.14206366144
2017_1315_1448,0.206489703913
2017_1315_1452,0.0439981317109
2017_1315_1455,0.0227816310449
2017_1315_1457,0.26678096335
2017_1315_1458,0.0584810817666
2017_1315_1462,0.141677747296
2017_1321_1323,0.364465524407
2017_1321_1329,0.363383430111
2017_1321_1332,0.276446637834
2017_1321_1343,0.803795971291
2017_1321_1344,0.584604458451
2017_1321_1345,0.296230712285
2017_1321_1348,0.666370609144
2017_1321_1355,0.908458664847
2017_1321_1371,0.525182989516
2017_1321_1374,0.380761735375
2017_1321_1376,0.49022296424
2017_1321_1388,0.48114632021
2017_1321_1407,0.936379844866
2017_1321_1411,0.967122618209
2017_1321_1413,0.96885024527
2017_1321_1417,0.235499624824
2017_1321_1423,0.514049656007
2017_1321_1425,0.46640779335
2017_1321_1433,0.663261430831
2017_1321_1435,0.552871062649
2017_1321_1436,0.727614239956
2017_1321_1437,0.17952598796
2017_1321_1438,0.376025114112
2017_1321_1439,0.470600246798
2017_1321_1448,0.5362408525
2017_1321_1452,0.272208885425
2017_1321_1455,0.251325867779
2017_1321_1457,0.845082050695
2017_1321_1458,0.42624234419
2017_1321_1462,0.474261140468
2017_1323_1329,0.562903677797
2017_1323_1332,0.409985912213
2017_1323_1343,0.919144328354
2017_1323_1344,0.714069256345
2017_1323_1345,0.495991318894
2017_1323_1348,0.776609691645
2017_1323_1355,0.940117475391
2017_1323_1371,0.659042161574
2017_1323_1374,0.57567339416
2017_1323_1376,0.587307477344
2017_1323_1388,0.651876580653
2017_1323_1407,0.960206894512
2017_1323_1411,0.977157150063
2017_1323_1413,0.973016774448
2017_1323_1417,0.376697937408
2017_1323_1423,0.707809671561
2017_1323_1425,0.731133928527
2017_1323_1433,0.74309474033
2017_1323_1435,0.721233757082
2017_1323_1436,0.894737605777
2017_1323_1437,0.241971184281
2017_1323_1438,0.473454069454
2017_1323_1439,0.61260847497
2017_1323_1448,0.67724320505
2017_1323_1452,0.401715666858
2017_1323_1455,0.450290689596
2017_1323_1457,0.926932681735
2017_1323_1458,0.575963789659
2017_1323_1462,0.626508702673
2017_1329_1332,0.272234481267
2017_1329_1343,0.958269903246
2017_1329_1344,0.707769910288
2017_1329_1345,0.388684458423
2017_1329_1348,0.686587990662
2017_1329_1355,0.970598707472
2017_1329_1371,0.517601070852
2017_1329_1374,0.508000906397
2017_1329_1376,0.553349447276
2017_1329_1388,0.474626408613
2017_1329_1407,0.969832188647
2017_1329_1411,0.950688539824
2017_1329_1413,0.965848763562
2017_1329_1417,0.254433173125
2017_1329_1423,0.720626226365
2017_1329_1425,0.640186425982
2017_1329_1433,0.724771510553
2017_1329_1435,0.621957819553
2017_1329_1436,0.86708616525
2017_1329_1437,0.159043022019
2017_1329_1438,0.414560614707
2017_1329_1439,0.574258792482
2017_1329_1448,0.596472551776
2017_1329_1452,0.3233951008
2017_1329_1455,0.521598554177
2017_1329_1457,0.829973925982
2017_1329_1458,0.548396046686
2017_1329_1462,0.50089366744
2017_1332_1343,0.896504192398
2017_1332_1344,0.850182472926
2017_1332_1345,0.575017247151
2017_1332_1348,0.841530056252
2017_1332_1355,0.964202049079
2017_1332_1371,0.804486241368
2017_1332_1374,0.570224485584
2017_1332_1376,0.700871564809
2017_1332_1388,0.707541044313
2017_1332_1407,0.957910234843
2017_1332_1411,0.985453457717
2017_1332_1413,0.976851142916
2017_1332_1417,0.528745741736
2017_1332_1423,0.823620874457
2017_1332_1425,0.768071641511
2017_1332_1433,0.833027660767
2017_1332_1435,0.868681588159
2017_1332_1436,0.918377431944
2017_1332_1437,0.393262153882
2017_1332_1438,0.549181075231
2017_1332_1439,0.709408699602
2017_1332_1448,0.814242960159
2017_1332_1452,0.559275535841
2017_1332_1455,0.582789688981
2017_1332_1457,0.964571696628
2017_1332_1458,0.625062634038
2017_1332_1462,0.727784821255
2017_1343_1344,0.269883551599
2017_1343_1345,0.0978526308278
2017_1343_1348,0.26831680292
2017_1343_1355,0.738228843352
2017_1343_1371,0.237026080103
2017_1343_1374,0.128787100861
2017_1343_1376,0.256791198244
2017_1343_1388,0.148324075199
2017_1343_1407,0.687276067302
2017_1343_1411,0.798950672187
2017_1343_1413,0.744177053197
2017_1343_1417,0.0458112887061
2017_1343_1423,0.141596041581
2017_1343_1425,0.303617697758
2017_1343_1433,0.285743800257
2017_1343_1435,0.207688831219
2017_1343_1436,0.287110401544
2017_1343_1437,0.0375707141236
2017_1343_1438,0.139934585828
2017_1343_1439,0.19903912855
2017_1343_1448,0.140539220063
2017_1343_1452,0.0489231382962
2017_1343_1455,0.051360844129
2017_1343_1457,0.455642871741
2017_1343_1458,0.20516965821
2017_1343_1462,0.240277631607
2017_1344_1345,0.235453194491
2017_1344_1348,0.64630624073
2017_1344_1355,0.851228791047
2017_1344_1371,0.406913402138
2017_1344_1374,0.325701069588
2017_1344_1376,0.369118016811
2017_1344_1388,0.265340855194
2017_1344_1407,0.948557045287
2017_1344_1411,0.951223994761
2017_1344_1413,0.954215474761
2017_1344_1417,0.15968911539
2017_1344_1423,0.450735246445
2017_1344_1425,0.393321238466
2017_1344_1433,0.529707472106
2017_1344_1435,0.503664727481
2017_1344_1436,0.682939789841
2017_1344_1437,0.105056937518
2017_1344_1438,0.232120520517
2017_1344_1439,0.38990925516
2017_1344_1448,0.466258264609
2017_1344_1452,0.135359712938
2017_1344_1455,0.189662286021
2017_1344_1457,0.832071451575
2017_1344_1458,0.319318347806
2017_1344_1462,0.380360632926
2017_1345_1348,0.800066017383
2017_1345_1355,0.959946734372
2017_1345_1371,0.724716001908
2017_1345_1374,0.609539428153
2017_1345_1376,0.643768217866
2017_1345_1388,0.701489412312
2017_1345_1407,0.969774764421
2017_1345_1411,0.982732362105
2017_1345_1413,0.973109937343
2017_1345_1417,0.364024016878
2017_1345_1423,0.69375526108
2017_1345_1425,0.681176864576
2017_1345_1433,0.76928743941
2017_1345_1435,0.767746879361
2017_1345_1436,0.89224847833
2017_1345_1437,0.304370490484
2017_1345_1438,0.489992481056
2017_1345_1439,0.706933621097
2017_1345_1448,0.711254134044
2017_1345_1452,0.515531728391
2017_1345_1455,0.511433201374
2017_1345_1457,0.960185927157
2017_1345_1458,0.569518862398
2017_1345_1462,0.668857150684
2017_1348_1355,0.870440829706
2017_1348_1371,0.407540077434
2017_1348_1374,0.211364199867
2017_1348_1376,0.27840759892
2017_1348_1388,0.229705470253
2017_1348_1407,0.867837138759
2017_1348_1411,0.939003918595
2017_1348_1413,0.896686681235
2017_1348_1417,0.161495700801
2017_1348_1423,0.31692981281
2017_1348_1425,0.319727776261
2017_1348_1433,0.381559977929
2017_1348_1435,0.363095200267
2017_1348_1436,0.514808295532
2017_1348_1437,0.0970748680434
2017_1348_1438,0.311055446202
2017_1348_1439,0.29451836746
2017_1348_1448,0.390090386272
2017_1348_1452,0.132256901483
2017_1348_1455,0.152594241293
2017_1348_1457,0.579889236751
2017_1348_1458,0.274505482771
2017_1348_1462,0.434235584966
2017_1355_1371,0.182181060755
2017_1355_1374,0.0265058462141
2017_1355_1376,0.071831508621
2017_1355_1388,0.0453002147595
2017_1355_1407,0.535475206193
2017_1355_1411,0.629943934728
2017_1355_1413,0.647427597421
2017_1355_1417,0.025498481009
2017_1355_1423,0.113099272679
2017_1355_1425,0.142539234269
2017_1355_1433,0.119999982812
2017_1355_1435,0.203762055694
2017_1355_1436,0.16145295091
2017_1355_1437,0.0191540669191
2017_1355_1438,0.0451935398797
2017_1355_1439,0.0959086533777
2017_1355_1448,0.148121161803
2017_1355_1452,0.0441850463703
2017_1355_1455,0.0172908616815
2017_1355_1457,0.277674561476
2017_1355_1458,0.0437641317011
2017_1355_1462,0.118293344243
2017_1371_1374,0.308842852442
2017_1371_1376,0.451009010515
2017_1371_1388,0.347948373221
2017_1371_1407,0.95778864842
2017_1371_1411,0.966662854328
2017_1371_1413,0.971418438015
2017_1371_1417,0.196695070092
2017_1371_1423,0.60068659373
2017_1371_1425,0.528337837867
2017_1371_1433,0.566202419865
2017_1371_1435,0.565132393593
2017_1371_1436,0.85504012135
2017_1371_1437,0.129257855937
2017_1371_1438,0.278225543051
2017_1371_1439,0.442509100577
2017_1371_1448,0.512106114867
2017_1371_1452,0.17803701945
2017_1371_1455,0.162426716939
2017_1371_1457,0.882551345456
2017_1371_1458,0.377019731781
2017_1371_1462,0.475079390536
2017_1374_1376,0.595347465545
2017_1374_1388,0.499914619584
2017_1374_1407,0.970309667227
2017_1374_1411,0.97368476918
2017_1374_1413,0.971766339043
2017_1374_1417,0.265259667218
2017_1374_1423,0.734399309622
2017_1374_1425,0.658641474034
2017_1374_1433,0.70467392849
2017_1374_1435,0.844399756815
2017_1374_1436,0.795311387366
2017_1374_1437,0.259425509639
2017_1374_1438,0.579318258498
2017_1374_1439,0.629962128452
2017_1374_1448,0.733868428162
2017_1374_1452,0.322409112724
2017_1374_1455,0.388524034076
2017_1374_1457,0.958122676903
2017_1374_1458,0.498465019455
2017_1374_1462,0.724641651267
2017_1376_1388,0.461928214266
2017_1376_1407,0.960776590008
2017_1376_1411,0.973281055628
2017_1376_1413,0.97283653221
2017_1376_1417,0.221227517411
2017_1376_1423,0.424389742267
2017_1376_1425,0.501569144147
2017_1376_1433,0.642103511627
2017_1376_1435,0.584069509226
2017_1376_1436,0.818815361516
2017_1376_1437,0.199142790083
2017_1376_1438,0.407042036591
2017_1376_1439,0.504265315906
2017_1376_1448,0.629864341688
2017_1376_1452,0.299649862468
2017_1376_1455,0.254500008917
2017_1376_1457,0.85230976857
2017_1376_1458,0.453161087678
2017_1376_1462,0.481717086437
2017_1388_1407,0.967512533717
2017_1388_1411,0.967662100368
2017_1388_1413,0.966918284089
2017_1388_1417,0.283878943384
2017_1388_1423,0.524894460447
2017_1388_1425,0.616027056916
2017_1388_1433,0.611290064131
2017_1388_1435,0.812331103844
2017_1388_1436,0.797762759887
2017_1388_1437,0.313345202393
2017_1388_1438,0.452942150337
2017_1388_1439,0.623845382362
2017_1388_1448,0.727672901546
2017_1388_1452,0.401375192151
2017_1388_1455,0.338923088085
2017_1388_1457,0.888851243062
2017_1388_1458,0.49663608687
2017_1388_1462,0.65326536489
2017_1407_1411,0.602229690801
2017_1407_1413,0.526302701964
2017_1407_1417,0.0254282013401
2017_1407_1423,0.0996168572446
2017_1407_1425,0.15137997859
2017_1407_1433,0.144100456848
2017_1407_1435,0.202594902409
2017_1407_1436,0.128783840539
2017_1407_1437,0.0177929824181
2017_1407_1438,0.0532646709514
2017_1407_1439,0.152382327527
2017_1407_1448,0.179333946965
2017_1407_1452,0.0474375084199
2017_1407_1455,0.0293709457884
2017_1407_1457,0.301358510228
2017_1407_1458,0.0422062553111
2017_1407_1462,0.110940416974
2017_1411_1413,0.437727145053
2017_1411_1417,0.0164138248844
2017_1411_1423,0.0729104199006
2017_1411_1425,0.0982668079242
2017_1411_1433,0.0873394719843
2017_1411_1435,0.133019333761
2017_1411_1436,0.108168015055
2017_1411_1437,0.0186342099101
2017_1411_1438,0.0462736194656
2017_1411_1439,0.0707994179498
2017_1411_1448,0.120015215458
2017_1411_1452,0.0299735169871
2017_1411_1455,0.0210592945675
2017_1411_1457,0.216189230813
2017_1411_1458,0.0444747199243
2017_1411_1462,0.0635845541202
2017_1413_1417,0.0168377564728
2017_1413_1423,0.0660101196936
2017_1413_1425,0.108590461953
2017_1413_1433,0.105511509504
2017_1413_1435,0.112226539808
2017_1413_1436,0.118693556489
2017_1413_1437,0.0167646191813
2017_1413_1438,0.056823138519
2017_1413_1439,0.0857983629875
2017_1413_1448,0.0939299531166
2017_1413_1452,0.0481291271833
2017_1413_1455,0.0225073484392
2017_1413_1457,0.264077200668
2017_1413_1458,0.0566509987144
2017_1413_1462,0.0730313410028
2017_1417_1423,0.803914109126
2017_1417_1425,0.727908631124
2017_1417_1433,0.78713788786
2017_1417_1435,0.876557680418
2017_1417_1436,0.857458419891
2017_1417_1437,0.409231202529
2017_1417_1438,0.740567293334
2017_1417_1439,0.775544435737
2017_1417_1448,0.822523415341
2017_1417_1452,0.513056522724
2017_1417_1455,0.531322751412
2017_1417_1457,0.930477984121
2017_1417_1458,0.653064280408
2017_1417_1462,0.695525728656
2017_1423_1425,0.555365501869
2017_1423_1433,0.572654664552
2017_1423_1435,0.715650114128
2017_1423_1436,0.578056282337
2017_1423_1437,0.164786725969
2017_1423_1438,0.642968562805
2017_1423_1439,0.551165961267
2017_1423_1448,0.719891566522
2017_1423_1452,0.333720510146
2017_1423_1455,0.206615746427
2017_1423_1457,0.81448274765
2017_1423_1458,0.540548990836
2017_1423_1462,0.628528293862
2017_1425_1433,0.551601250984
2017_1425_1435,0.6317518228
2017_1425_1436,0.786733920525
2017_1425_1437,0.112463679911
2017_1425_1438,0.350551360351
2017_1425_1439,0.499636348185
2017_1425_1448,0.554968336814
2017_1425_1452,0.223282181423
2017_1425_1455,0.257382379263
2017_1425_1457,0.924475407709
2017_1425_1458,0.417336898195
2017_1425_1462,0.43386025858
2017_1433_1435,0.636024945347
2017_1433_1436,0.527642227315
2017_1433_1437,0.126512189194
2017_1433_1438,0.369307248694
2017_1433_1439,0.388045976354
2017_1433_1448,0.495139952463
2017_1433_1452,0.179938387076
2017_1433_1455,0.241057951295
2017_1433_1457,0.810036468955
2017_1433_1458,0.299663915627
2017_1433_1462,0.399572879316
2017_1435_1436,0.70186206158
2017_1435_1437,0.11421889247
2017_1435_1438,0.26521360875
2017_1435_1439,0.398990241912
2017_1435_1448,0.441122599702
2017_1435_1452,0.196241431744
2017_1435_1455,0.109969994023
2017_1435_1457,0.661025662862
2017_1435_1458,0.321781550622
2017_1435_1462,0.354840434917
2017_1436_1437,0.0994494158066
2017_1436_1438,0.409206645622
2017_1436_1439,0.354183802042
2017_1436_1448,0.414446812524
2017_1436_1452,0.115121217591
2017_1436_1455,0.134176383642
2017_1436_1457,0.62688970176
2017_1436_1458,0.349061836191
2017_1436_1462,0.510589965042
2017_1437_1438,0.734241977793
2017_1437_1439,0.86468535715
2017_1437_1448,0.900824875387
2017_1437_1452,0.657248948732
2017_1437_1455,0.664291468573
2017_1437_1457,0.974362506887
2017_1437_1458,0.779070025205
2017_1437_1462,0.846690406292
2017_1438_1439,0.613281679189
2017_1438_1448,0.665832739197
2017_1438_1452,0.490928253467
2017_1438_1455,0.428611659522
2017_1438_1457,0.897802034689
2017_1438_1458,0.613347138389
2017_1438_1462,0.627933691697
2017_1439_1448,0.561896524026
2017_1439_1452,0.238536840579
2017_1439_1455,0.242686521613
2017_1439_1457,0.840837913594
2017_1439_1458,0.398569070025
2017_1439_1462,0.452490816364
2017_1448_1452,0.25744407136
2017_1448_1455,0.146288211584
2017_1448_1457,0.810124122323
2017_1448_1458,0.362625269838
2017_1448_1462,0.38473161401
2017_1452_1455,0.642913452892
2017_1452_1457,0.958003625566
2017_1452_1458,0.653125496851
2017_1452_1462,0.720410047138
2017_1455_1457,0.940771796894
2017_1455_1458,0.740574988089
2017_1455_1462,0.855808388818
2017_1457_1458,0.228719219342
2017_1457_1462,0.324252416904
2017_1458_1462,0.514966389654
