Id,Pred
2017_1112_1116,0.5
2017_1112_1124,0.5
2017_1112_1137,0.5
2017_1112_1139,0.5
2017_1112_1153,0.5
2017_1112_1166,0.5
2017_1112_1173,0.5
2017_1112_1181,0.5
2017_1112_1190,0.5
2017_1112_1195,0.5
2017_1112_1196,0.5
2017_1112_1199,0.5
2017_1112_1211,0.5
2017_1112_1233,0.5
2017_1112_1235,0.5
2017_1112_1240,0.5
2017_1112_1242,0.5
2017_1112_1243,0.5
2017_1112_1245,0.5
2017_1112_1246,0.5
2017_1112_1257,0.5
2017_1112_1266,0.5
2017_1112_1268,0.5
2017_1112_1274,0.5
2017_1112_1276,0.5
2017_1112_1277,0.5
2017_1112_1278,0.5
2017_1112_1291,0.5
2017_1112_1292,0.5
2017_1112_1297,0.5
2017_1112_1300,0.5
2017_1112_1305,0.5
2017_1112_1308,0.5
2017_1112_1309,0.5
2017_1112_1314,0.5
2017_1112_1315,0.5
2017_1112_1321,0.5
2017_1112_1323,0.5
2017_1112_1329,0.5
2017_1112_1332,0.5
2017_1112_1343,0.5
2017_1112_1344,0.5
2017_1112_1345,0.5
2017_1112_1348,0.5
2017_1112_1355,0.5
2017_1112_1371,0.5
2017_1112_1374,0.5
2017_1112_1376,0.5
2017_1112_1388,0.5
2017_1112_1407,0.5
2017_1112_1411,0.5
2017_1112_1413,0.5
2017_1112_1417,0.5
2017_1112_1423,0.5
2017_1112_1425,0.5
2017_1112_1433,0.5
2017_1112_1435,0.5
2017_1112_1436,0.5
2017_1112_1437,0.5
2017_1112_1438,0.5
2017_1112_1439,0.5
2017_1112_1448,0.5
2017_1112_1452,0.5
2017_1112_1455,0.5
2017_1112_1457,0.5
2017_1112_1458,0.5
2017_1112_1462,0.5
2017_1116_1124,0.5
2017_1116_1137,0.5
2017_1116_1139,0.5
2017_1116_1153,0.5
2017_1116_1166,0.5
2017_1116_1173,0.5
2017_1116_1181,0.5
2017_1116_1190,0.5
2017_1116_1195,0.5
2017_1116_1196,0.5
2017_1116_1199,0.5
2017_1116_1211,0.5
2017_1116_1233,0.5
2017_1116_1235,0.5
2017_1116_1240,0.5
2017_1116_1242,0.5
2017_1116_1243,0.5
2017_1116_1245,0.5
2017_1116_1246,0.5
2017_1116_1257,0.5
2017_1116_1266,0.5
2017_1116_1268,0.5
2017_1116_1274,0.5
2017_1116_1276,0.5
2017_1116_1277,0.5
2017_1116_1278,0.5
2017_1116_1291,0.5
2017_1116_1292,0.5
2017_1116_1297,0.5
2017_1116_1300,0.5
2017_1116_1305,0.5
2017_1116_1308,0.5
2017_1116_1309,0.5
2017_1116_1314,0.5
2017_1116_1315,0.5
2017_1116_1321,0.5
2017_1116_1323,0.5
2017_1116_1329,0.5
2017_1116_1332,0.5
2017_1116_1343,0.5
2017_1116_1344,0.5
2017_1116_1345,0.5
2017_1116_1348,0.5
2017_1116_1355,0.5
2017_1116_1371,0.5
2017_1116_1374,0.5
2017_1116_1376,0.5
2017_1116_1388,0.5
2017_1116_1407,0.5
2017_1116_1411,0.5
2017_1116_1413,0.5
2017_1116_1417,0.5
2017_1116_1423,0.5
2017_1116_1425,0.5
2017_1116_1433,0.5
2017_1116_1435,0.5
2017_1116_1436,0.5
2017_1116_1437,0.5
2017_1116_1438,0.5
2017_1116_1439,0.5
2017_1116_1448,0.5
2017_1116_1452,0.5
2017_1116_1455,0.5
2017_1116_1457,0.5
2017_1116_1458,0.5
2017_1116_1462,0.5
2017_1124_1137,0.5
2017_1124_1139,0.5
2017_1124_1153,0.5
2017_1124_1166,0.5
2017_1124_1173,0.5
2017_1124_1181,0.5
2017_1124_1190,0.5
2017_1124_1195,0.5
2017_1124_1196,0.5
2017_1124_1199,0.5
2017_1124_1211,0.5
2017_1124_1233,0.5
2017_1124_1235,0.5
2017_1124_1240,0.5
2017_1124_1242,0.5
2017_1124_1243,0.5
2017_1124_1245,0.5
2017_1124_1246,0.5
2017_1124_1257,0.5
2017_1124_1266,0.5
2017_1124_1268,0.5
2017_1124_1274,0.5
2017_1124_1276,0.5
2017_1124_1277,0.5
2017_1124_1278,0.5
2017_1124_1291,0.5
2017_1124_1292,0.5
2017_1124_1297,0.5
2017_1124_1300,0.5
2017_1124_1305,0.5
2017_1124_1308,0.5
2017_1124_1309,0.5
2017_1124_1314,0.5
2017_1124_1315,0.5
2017_1124_1321,0.5
2017_1124_1323,0.5
2017_1124_1329,0.5
2017_1124_1332,0.5
2017_1124_1343,0.5
2017_1124_1344,0.5
2017_1124_1345,0.5
2017_1124_1348,0.5
2017_1124_1355,0.5
2017_1124_1371,0.5
2017_1124_1374,0.5
2017_1124_1376,0.5
2017_1124_1388,0.5
2017_1124_1407,0.5
2017_1124_1411,0.5
2017_1124_1413,0.5
2017_1124_1417,0.5
2017_1124_1423,0.5
2017_1124_1425,0.5
2017_1124_1433,0.5
2017_1124_1435,0.5
2017_1124_1436,0.5
2017_1124_1437,0.5
2017_1124_1438,0.5
2017_1124_1439,0.5
2017_1124_1448,0.5
2017_1124_1452,0.5
2017_1124_1455,0.5
2017_1124_1457,0.5
2017_1124_1458,0.5
2017_1124_1462,0.5
2017_1137_1139,0.5
2017_1137_1153,0.5
2017_1137_1166,0.5
2017_1137_1173,0.5
2017_1137_1181,0.5
2017_1137_1190,0.5
2017_1137_1195,0.5
2017_1137_1196,0.5
2017_1137_1199,0.5
2017_1137_1211,0.5
2017_1137_1233,0.5
2017_1137_1235,0.5
2017_1137_1240,0.5
2017_1137_1242,0.5
2017_1137_1243,0.5
2017_1137_1245,0.5
2017_1137_1246,0.5
2017_1137_1257,0.5
2017_1137_1266,0.5
2017_1137_1268,0.5
2017_1137_1274,0.5
2017_1137_1276,0.5
2017_1137_1277,0.5
2017_1137_1278,0.5
2017_1137_1291,0.5
2017_1137_1292,0.5
2017_1137_1297,0.5
2017_1137_1300,0.5
2017_1137_1305,0.5
2017_1137_1308,0.5
2017_1137_1309,0.5
2017_1137_1314,0.5
2017_1137_1315,0.5
2017_1137_1321,0.5
2017_1137_1323,0.5
2017_1137_1329,0.5
2017_1137_1332,0.5
2017_1137_1343,0.5
2017_1137_1344,0.5
2017_1137_1345,0.5
2017_1137_1348,0.5
2017_1137_1355,0.5
2017_1137_1371,0.5
2017_1137_1374,0.5
2017_1137_1376,0.5
2017_1137_1388,0.5
2017_1137_1407,0.5
2017_1137_1411,0.5
2017_1137_1413,0.5
2017_1137_1417,0.5
2017_1137_1423,0.5
2017_1137_1425,0.5
2017_1137_1433,0.5
2017_1137_1435,0.5
2017_1137_1436,0.5
2017_1137_1437,0.5
2017_1137_1438,0.5
2017_1137_1439,0.5
2017_1137_1448,0.5
2017_1137_1452,0.5
2017_1137_1455,0.5
2017_1137_1457,0.5
2017_1137_1458,0.5
2017_1137_1462,0.5
2017_1139_1153,0.5
2017_1139_1166,0.5
2017_1139_1173,0.5
2017_1139_1181,0.5
2017_1139_1190,0.5
2017_1139_1195,0.5
2017_1139_1196,0.5
2017_1139_1199,0.5
2017_1139_1211,0.5
2017_1139_1233,0.5
2017_1139_1235,0.5
2017_1139_1240,0.5
2017_1139_1242,0.5
2017_1139_1243,0.5
2017_1139_1245,0.5
2017_1139_1246,0.5
2017_1139_1257,0.5
2017_1139_1266,0.5
2017_1139_1268,0.5
2017_1139_1274,0.5
2017_1139_1276,0.5
2017_1139_1277,0.5
2017_1139_1278,0.5
2017_1139_1291,0.5
2017_1139_1292,0.5
2017_1139_1297,0.5
2017_1139_1300,0.5
2017_1139_1305,0.5
2017_1139_1308,0.5
2017_1139_1309,0.5
2017_1139_1314,0.5
2017_1139_1315,0.5
2017_1139_1321,0.5
2017_1139_1323,0.5
2017_1139_1329,0.5
2017_1139_1332,0.5
2017_1139_1343,0.5
2017_1139_1344,0.5
2017_1139_1345,0.5
2017_1139_1348,0.5
2017_1139_1355,0.5
2017_1139_1371,0.5
2017_1139_1374,0.5
2017_1139_1376,0.5
2017_1139_1388,0.5
2017_1139_1407,0.5
2017_1139_1411,0.5
2017_1139_1413,0.5
2017_1139_1417,0.5
2017_1139_1423,0.5
2017_1139_1425,0.5
2017_1139_1433,0.5
2017_1139_1435,0.5
2017_1139_1436,0.5
2017_1139_1437,0.5
2017_1139_1438,0.5
2017_1139_1439,0.5
2017_1139_1448,0.5
2017_1139_1452,0.5
2017_1139_1455,0.5
2017_1139_1457,0.5
2017_1139_1458,0.5
2017_1139_1462,0.5
2017_1153_1166,0.5
2017_1153_1173,0.5
2017_1153_1181,0.5
2017_1153_1190,0.5
2017_1153_1195,0.5
2017_1153_1196,0.5
2017_1153_1199,0.5
2017_1153_1211,0.5
2017_1153_1233,0.5
2017_1153_1235,0.5
2017_1153_1240,0.5
2017_1153_1242,0.5
2017_1153_1243,0.5
2017_1153_1245,0.5
2017_1153_1246,0.5
2017_1153_1257,0.5
2017_1153_1266,0.5
2017_1153_1268,0.5
2017_1153_1274,0.5
2017_1153_1276,0.5
2017_1153_1277,0.5
2017_1153_1278,0.5
2017_1153_1291,0.5
2017_1153_1292,0.5
2017_1153_1297,0.5
2017_1153_1300,0.5
2017_1153_1305,0.5
2017_1153_1308,0.5
2017_1153_1309,0.5
2017_1153_1314,0.5
2017_1153_1315,0.5
2017_1153_1321,0.5
2017_1153_1323,0.5
2017_1153_1329,0.5
2017_1153_1332,0.5
2017_1153_1343,0.5
2017_1153_1344,0.5
2017_1153_1345,0.5
2017_1153_1348,0.5
2017_1153_1355,0.5
2017_1153_1371,0.5
2017_1153_1374,0.5
2017_1153_1376,0.5
2017_1153_1388,0.5
2017_1153_1407,0.5
2017_1153_1411,0.5
2017_1153_1413,0.5
2017_1153_1417,0.5
2017_1153_1423,0.5
2017_1153_1425,0.5
2017_1153_1433,0.5
2017_1153_1435,0.5
2017_1153_1436,0.5
2017_1153_1437,0.5
2017_1153_1438,0.5
2017_1153_1439,0.5
2017_1153_1448,0.5
2017_1153_1452,0.5
2017_1153_1455,0.5
2017_1153_1457,0.5
2017_1153_1458,0.5
2017_1153_1462,0.5
2017_1166_1173,0.5
2017_1166_1181,0.5
2017_1166_1190,0.5
2017_1166_1195,0.5
2017_1166_1196,0.5
2017_1166_1199,0.5
2017_1166_1211,0.5
2017_1166_1233,0.5
2017_1166_1235,0.5
2017_1166_1240,0.5
2017_1166_1242,0.5
2017_1166_1243,0.5
2017_1166_1245,0.5
2017_1166_1246,0.5
2017_1166_1257,0.5
2017_1166_1266,0.5
2017_1166_1268,0.5
2017_1166_1274,0.5
2017_1166_1276,0.5
2017_1166_1277,0.5
2017_1166_1278,0.5
2017_1166_1291,0.5
2017_1166_1292,0.5
2017_1166_1297,0.5
2017_1166_1300,0.5
2017_1166_1305,0.5
2017_1166_1308,0.5
2017_1166_1309,0.5
2017_1166_1314,0.5
2017_1166_1315,0.5
2017_1166_1321,0.5
2017_1166_1323,0.5
2017_1166_1329,0.5
2017_1166_1332,0.5
2017_1166_1343,0.5
2017_1166_1344,0.5
2017_1166_1345,0.5
2017_1166_1348,0.5
2017_1166_1355,0.5
2017_1166_1371,0.5
2017_1166_1374,0.5
2017_1166_1376,0.5
2017_1166_1388,0.5
2017_1166_1407,0.5
2017_1166_1411,0.5
2017_1166_1413,0.5
2017_1166_1417,0.5
2017_1166_1423,0.5
2017_1166_1425,0.5
2017_1166_1433,0.5
2017_1166_1435,0.5
2017_1166_1436,0.5
2017_1166_1437,0.5
2017_1166_1438,0.5
2017_1166_1439,0.5
2017_1166_1448,0.5
2017_1166_1452,0.5
2017_1166_1455,0.5
2017_1166_1457,0.5
2017_1166_1458,0.5
2017_1166_1462,0.5
2017_1173_1181,0.5
2017_1173_1190,0.5
2017_1173_1195,0.5
2017_1173_1196,0.5
2017_1173_1199,0.5
2017_1173_1211,0.5
2017_1173_1233,0.5
2017_1173_1235,0.5
2017_1173_1240,0.5
2017_1173_1242,0.5
2017_1173_1243,0.5
2017_1173_1245,0.5
2017_1173_1246,0.5
2017_1173_1257,0.5
2017_1173_1266,0.5
2017_1173_1268,0.5
2017_1173_1274,0.5
2017_1173_1276,0.5
2017_1173_1277,0.5
2017_1173_1278,0.5
2017_1173_1291,0.5
2017_1173_1292,0.5
2017_1173_1297,0.5
2017_1173_1300,0.5
2017_1173_1305,0.5
2017_1173_1308,0.5
2017_1173_1309,0.5
2017_1173_1314,0.5
2017_1173_1315,0.5
2017_1173_1321,0.5
2017_1173_1323,0.5
2017_1173_1329,0.5
2017_1173_1332,0.5
2017_1173_1343,0.5
2017_1173_1344,0.5
2017_1173_1345,0.5
2017_1173_1348,0.5
2017_1173_1355,0.5
2017_1173_1371,0.5
2017_1173_1374,0.5
2017_1173_1376,0.5
2017_1173_1388,0.5
2017_1173_1407,0.5
2017_1173_1411,0.5
2017_1173_1413,0.5
2017_1173_1417,0.5
2017_1173_1423,0.5
2017_1173_1425,0.5
2017_1173_1433,0.5
2017_1173_1435,0.5
2017_1173_1436,0.5
2017_1173_1437,0.5
2017_1173_1438,0.5
2017_1173_1439,0.5
2017_1173_1448,0.5
2017_1173_1452,0.5
2017_1173_1455,0.5
2017_1173_1457,0.5
2017_1173_1458,0.5
2017_1173_1462,0.5
2017_1181_1190,0.5
2017_1181_1195,0.5
2017_1181_1196,0.5
2017_1181_1199,0.5
2017_1181_1211,0.5
2017_1181_1233,0.5
2017_1181_1235,0.5
2017_1181_1240,0.5
2017_1181_1242,0.5
2017_1181_1243,0.5
2017_1181_1245,0.5
2017_1181_1246,0.5
2017_1181_1257,0.5
2017_1181_1266,0.5
2017_1181_1268,0.5
2017_1181_1274,0.5
2017_1181_1276,0.5
2017_1181_1277,0.5
2017_1181_1278,0.5
2017_1181_1291,0.5
2017_1181_1292,0.5
2017_1181_1297,0.5
2017_1181_1300,0.5
2017_1181_1305,0.5
2017_1181_1308,0.5
2017_1181_1309,0.5
2017_1181_1314,0.5
2017_1181_1315,0.5
2017_1181_1321,0.5
2017_1181_1323,0.5
2017_1181_1329,0.5
2017_1181_1332,0.5
2017_1181_1343,0.5
2017_1181_1344,0.5
2017_1181_1345,0.5
2017_1181_1348,0.5
2017_1181_1355,0.5
2017_1181_1371,0.5
2017_1181_1374,0.5
2017_1181_1376,0.5
2017_1181_1388,0.5
2017_1181_1407,0.5
2017_1181_1411,0.5
2017_1181_1413,0.5
2017_1181_1417,0.5
2017_1181_1423,0.5
2017_1181_1425,0.5
2017_1181_1433,0.5
2017_1181_1435,0.5
2017_1181_1436,0.5
2017_1181_1437,0.5
2017_1181_1438,0.5
2017_1181_1439,0.5
2017_1181_1448,0.5
2017_1181_1452,0.5
2017_1181_1455,0.5
2017_1181_1457,0.5
2017_1181_1458,0.5
2017_1181_1462,0.5
2017_1190_1195,0.5
2017_1190_1196,0.5
2017_1190_1199,0.5
2017_1190_1211,0.5
2017_1190_1233,0.5
2017_1190_1235,0.5
2017_1190_1240,0.5
2017_1190_1242,0.5
2017_1190_1243,0.5
2017_1190_1245,0.5
2017_1190_1246,0.5
2017_1190_1257,0.5
2017_1190_1266,0.5
2017_1190_1268,0.5
2017_1190_1274,0.5
2017_1190_1276,0.5
2017_1190_1277,0.5
2017_1190_1278,0.5
2017_1190_1291,0.5
2017_1190_1292,0.5
2017_1190_1297,0.5
2017_1190_1300,0.5
2017_1190_1305,0.5
2017_1190_1308,0.5
2017_1190_1309,0.5
2017_1190_1314,0.5
2017_1190_1315,0.5
2017_1190_1321,0.5
2017_1190_1323,0.5
2017_1190_1329,0.5
2017_1190_1332,0.5
2017_1190_1343,0.5
2017_1190_1344,0.5
2017_1190_1345,0.5
2017_1190_1348,0.5
2017_1190_1355,0.5
2017_1190_1371,0.5
2017_1190_1374,0.5
2017_1190_1376,0.5
2017_1190_1388,0.5
2017_1190_1407,0.5
2017_1190_1411,0.5
2017_1190_1413,0.5
2017_1190_1417,0.5
2017_1190_1423,0.5
2017_1190_1425,0.5
2017_1190_1433,0.5
2017_1190_1435,0.5
2017_1190_1436,0.5
2017_1190_1437,0.5
2017_1190_1438,0.5
2017_1190_1439,0.5
2017_1190_1448,0.5
2017_1190_1452,0.5
2017_1190_1455,0.5
2017_1190_1457,0.5
2017_1190_1458,0.5
2017_1190_1462,0.5
2017_1195_1196,0.5
2017_1195_1199,0.5
2017_1195_1211,0.5
2017_1195_1233,0.5
2017_1195_1235,0.5
2017_1195_1240,0.5
2017_1195_1242,0.5
2017_1195_1243,0.5
2017_1195_1245,0.5
2017_1195_1246,0.5
2017_1195_1257,0.5
2017_1195_1266,0.5
2017_1195_1268,0.5
2017_1195_1274,0.5
2017_1195_1276,0.5
2017_1195_1277,0.5
2017_1195_1278,0.5
2017_1195_1291,0.5
2017_1195_1292,0.5
2017_1195_1297,0.5
2017_1195_1300,0.5
2017_1195_1305,0.5
2017_1195_1308,0.5
2017_1195_1309,0.5
2017_1195_1314,0.5
2017_1195_1315,0.5
2017_1195_1321,0.5
2017_1195_1323,0.5
2017_1195_1329,0.5
2017_1195_1332,0.5
2017_1195_1343,0.5
2017_1195_1344,0.5
2017_1195_1345,0.5
2017_1195_1348,0.5
2017_1195_1355,0.5
2017_1195_1371,0.5
2017_1195_1374,0.5
2017_1195_1376,0.5
2017_1195_1388,0.5
2017_1195_1407,0.5
2017_1195_1411,0.5
2017_1195_1413,0.5
2017_1195_1417,0.5
2017_1195_1423,0.5
2017_1195_1425,0.5
2017_1195_1433,0.5
2017_1195_1435,0.5
2017_1195_1436,0.5
2017_1195_1437,0.5
2017_1195_1438,0.5
2017_1195_1439,0.5
2017_1195_1448,0.5
2017_1195_1452,0.5
2017_1195_1455,0.5
2017_1195_1457,0.5
2017_1195_1458,0.5
2017_1195_1462,0.5
2017_1196_1199,0.5
2017_1196_1211,0.5
2017_1196_1233,0.5
2017_1196_1235,0.5
2017_1196_1240,0.5
2017_1196_1242,0.5
2017_1196_1243,0.5
2017_1196_1245,0.5
2017_1196_1246,0.5
2017_1196_1257,0.5
2017_1196_1266,0.5
2017_1196_1268,0.5
2017_1196_1274,0.5
2017_1196_1276,0.5
2017_1196_1277,0.5
2017_1196_1278,0.5
2017_1196_1291,0.5
2017_1196_1292,0.5
2017_1196_1297,0.5
2017_1196_1300,0.5
2017_1196_1305,0.5
2017_1196_1308,0.5
2017_1196_1309,0.5
2017_1196_1314,0.5
2017_1196_1315,0.5
2017_1196_1321,0.5
2017_1196_1323,0.5
2017_1196_1329,0.5
2017_1196_1332,0.5
2017_1196_1343,0.5
2017_1196_1344,0.5
2017_1196_1345,0.5
2017_1196_1348,0.5
2017_1196_1355,0.5
2017_1196_1371,0.5
2017_1196_1374,0.5
2017_1196_1376,0.5
2017_1196_1388,0.5
2017_1196_1407,0.5
2017_1196_1411,0.5
2017_1196_1413,0.5
2017_1196_1417,0.5
2017_1196_1423,0.5
2017_1196_1425,0.5
2017_1196_1433,0.5
2017_1196_1435,0.5
2017_1196_1436,0.5
2017_1196_1437,0.5
2017_1196_1438,0.5
2017_1196_1439,0.5
2017_1196_1448,0.5
2017_1196_1452,0.5
2017_1196_1455,0.5
2017_1196_1457,0.5
2017_1196_1458,0.5
2017_1196_1462,0.5
2017_1199_1211,0.5
2017_1199_1233,0.5
2017_1199_1235,0.5
2017_1199_1240,0.5
2017_1199_1242,0.5
2017_1199_1243,0.5
2017_1199_1245,0.5
2017_1199_1246,0.5
2017_1199_1257,0.5
2017_1199_1266,0.5
2017_1199_1268,0.5
2017_1199_1274,0.5
2017_1199_1276,0.5
2017_1199_1277,0.5
2017_1199_1278,0.5
2017_1199_1291,0.5
2017_1199_1292,0.5
2017_1199_1297,0.5
2017_1199_1300,0.5
2017_1199_1305,0.5
2017_1199_1308,0.5
2017_1199_1309,0.5
2017_1199_1314,0.5
2017_1199_1315,0.5
2017_1199_1321,0.5
2017_1199_1323,0.5
2017_1199_1329,0.5
2017_1199_1332,0.5
2017_1199_1343,0.5
2017_1199_1344,0.5
2017_1199_1345,0.5
2017_1199_1348,0.5
2017_1199_1355,0.5
2017_1199_1371,0.5
2017_1199_1374,0.5
2017_1199_1376,0.5
2017_1199_1388,0.5
2017_1199_1407,0.5
2017_1199_1411,0.5
2017_1199_1413,0.5
2017_1199_1417,0.5
2017_1199_1423,0.5
2017_1199_1425,0.5
2017_1199_1433,0.5
2017_1199_1435,0.5
2017_1199_1436,0.5
2017_1199_1437,0.5
2017_1199_1438,0.5
2017_1199_1439,0.5
2017_1199_1448,0.5
2017_1199_1452,0.5
2017_1199_1455,0.5
2017_1199_1457,0.5
2017_1199_1458,0.5
2017_1199_1462,0.5
2017_1211_1233,0.5
2017_1211_1235,0.5
2017_1211_1240,0.5
2017_1211_1242,0.5
2017_1211_1243,0.5
2017_1211_1245,0.5
2017_1211_1246,0.5
2017_1211_1257,0.5
2017_1211_1266,0.5
2017_1211_1268,0.5
2017_1211_1274,0.5
2017_1211_1276,0.5
2017_1211_1277,0.5
2017_1211_1278,0.5
2017_1211_1291,0.5
2017_1211_1292,0.5
2017_1211_1297,0.5
2017_1211_1300,0.5
2017_1211_1305,0.5
2017_1211_1308,0.5
2017_1211_1309,0.5
2017_1211_1314,0.5
2017_1211_1315,0.5
2017_1211_1321,0.5
2017_1211_1323,0.5
2017_1211_1329,0.5
2017_1211_1332,0.5
2017_1211_1343,0.5
2017_1211_1344,0.5
2017_1211_1345,0.5
2017_1211_1348,0.5
2017_1211_1355,0.5
2017_1211_1371,0.5
2017_1211_1374,0.5
2017_1211_1376,0.5
2017_1211_1388,0.5
2017_1211_1407,0.5
2017_1211_1411,0.5
2017_1211_1413,0.5
2017_1211_1417,0.5
2017_1211_1423,0.5
2017_1211_1425,0.5
2017_1211_1433,0.5
2017_1211_1435,0.5
2017_1211_1436,0.5
2017_1211_1437,0.5
2017_1211_1438,0.5
2017_1211_1439,0.5
2017_1211_1448,0.5
2017_1211_1452,0.5
2017_1211_1455,0.5
2017_1211_1457,0.5
2017_1211_1458,0.5
2017_1211_1462,0.5
2017_1233_1235,0.5
2017_1233_1240,0.5
2017_1233_1242,0.5
2017_1233_1243,0.5
2017_1233_1245,0.5
2017_1233_1246,0.5
2017_1233_1257,0.5
2017_1233_1266,0.5
2017_1233_1268,0.5
2017_1233_1274,0.5
2017_1233_1276,0.5
2017_1233_1277,0.5
2017_1233_1278,0.5
2017_1233_1291,0.5
2017_1233_1292,0.5
2017_1233_1297,0.5
2017_1233_1300,0.5
2017_1233_1305,0.5
2017_1233_1308,0.5
2017_1233_1309,0.5
2017_1233_1314,0.5
2017_1233_1315,0.5
2017_1233_1321,0.5
2017_1233_1323,0.5
2017_1233_1329,0.5
2017_1233_1332,0.5
2017_1233_1343,0.5
2017_1233_1344,0.5
2017_1233_1345,0.5
2017_1233_1348,0.5
2017_1233_1355,0.5
2017_1233_1371,0.5
2017_1233_1374,0.5
2017_1233_1376,0.5
2017_1233_1388,0.5
2017_1233_1407,0.5
2017_1233_1411,0.5
2017_1233_1413,0.5
2017_1233_1417,0.5
2017_1233_1423,0.5
2017_1233_1425,0.5
2017_1233_1433,0.5
2017_1233_1435,0.5
2017_1233_1436,0.5
2017_1233_1437,0.5
2017_1233_1438,0.5
2017_1233_1439,0.5
2017_1233_1448,0.5
2017_1233_1452,0.5
2017_1233_1455,0.5
2017_1233_1457,0.5
2017_1233_1458,0.5
2017_1233_1462,0.5
2017_1235_1240,0.5
2017_1235_1242,0.5
2017_1235_1243,0.5
2017_1235_1245,0.5
2017_1235_1246,0.5
2017_1235_1257,0.5
2017_1235_1266,0.5
2017_1235_1268,0.5
2017_1235_1274,0.5
2017_1235_1276,0.5
2017_1235_1277,0.5
2017_1235_1278,0.5
2017_1235_1291,0.5
2017_1235_1292,0.5
2017_1235_1297,0.5
2017_1235_1300,0.5
2017_1235_1305,0.5
2017_1235_1308,0.5
2017_1235_1309,0.5
2017_1235_1314,0.5
2017_1235_1315,0.5
2017_1235_1321,0.5
2017_1235_1323,0.5
2017_1235_1329,0.5
2017_1235_1332,0.5
2017_1235_1343,0.5
2017_1235_1344,0.5
2017_1235_1345,0.5
2017_1235_1348,0.5
2017_1235_1355,0.5
2017_1235_1371,0.5
2017_1235_1374,0.5
2017_1235_1376,0.5
2017_1235_1388,0.5
2017_1235_1407,0.5
2017_1235_1411,0.5
2017_1235_1413,0.5
2017_1235_1417,0.5
2017_1235_1423,0.5
2017_1235_1425,0.5
2017_1235_1433,0.5
2017_1235_1435,0.5
2017_1235_1436,0.5
2017_1235_1437,0.5
2017_1235_1438,0.5
2017_1235_1439,0.5
2017_1235_1448,0.5
2017_1235_1452,0.5
2017_1235_1455,0.5
2017_1235_1457,0.5
2017_1235_1458,0.5
2017_1235_1462,0.5
2017_1240_1242,0.5
2017_1240_1243,0.5
2017_1240_1245,0.5
2017_1240_1246,0.5
2017_1240_1257,0.5
2017_1240_1266,0.5
2017_1240_1268,0.5
2017_1240_1274,0.5
2017_1240_1276,0.5
2017_1240_1277,0.5
2017_1240_1278,0.5
2017_1240_1291,0.5
2017_1240_1292,0.5
2017_1240_1297,0.5
2017_1240_1300,0.5
2017_1240_1305,0.5
2017_1240_1308,0.5
2017_1240_1309,0.5
2017_1240_1314,0.5
2017_1240_1315,0.5
2017_1240_1321,0.5
2017_1240_1323,0.5
2017_1240_1329,0.5
2017_1240_1332,0.5
2017_1240_1343,0.5
2017_1240_1344,0.5
2017_1240_1345,0.5
2017_1240_1348,0.5
2017_1240_1355,0.5
2017_1240_1371,0.5
2017_1240_1374,0.5
2017_1240_1376,0.5
2017_1240_1388,0.5
2017_1240_1407,0.5
2017_1240_1411,0.5
2017_1240_1413,0.5
2017_1240_1417,0.5
2017_1240_1423,0.5
2017_1240_1425,0.5
2017_1240_1433,0.5
2017_1240_1435,0.5
2017_1240_1436,0.5
2017_1240_1437,0.5
2017_1240_1438,0.5
2017_1240_1439,0.5
2017_1240_1448,0.5
2017_1240_1452,0.5
2017_1240_1455,0.5
2017_1240_1457,0.5
2017_1240_1458,0.5
2017_1240_1462,0.5
2017_1242_1243,0.5
2017_1242_1245,0.5
2017_1242_1246,0.5
2017_1242_1257,0.5
2017_1242_1266,0.5
2017_1242_1268,0.5
2017_1242_1274,0.5
2017_1242_1276,0.5
2017_1242_1277,0.5
2017_1242_1278,0.5
2017_1242_1291,0.5
2017_1242_1292,0.5
2017_1242_1297,0.5
2017_1242_1300,0.5
2017_1242_1305,0.5
2017_1242_1308,0.5
2017_1242_1309,0.5
2017_1242_1314,0.5
2017_1242_1315,0.5
2017_1242_1321,0.5
2017_1242_1323,0.5
2017_1242_1329,0.5
2017_1242_1332,0.5
2017_1242_1343,0.5
2017_1242_1344,0.5
2017_1242_1345,0.5
2017_1242_1348,0.5
2017_1242_1355,0.5
2017_1242_1371,0.5
2017_1242_1374,0.5
2017_1242_1376,0.5
2017_1242_1388,0.5
2017_1242_1407,0.5
2017_1242_1411,0.5
2017_1242_1413,0.5
2017_1242_1417,0.5
2017_1242_1423,0.5
2017_1242_1425,0.5
2017_1242_1433,0.5
2017_1242_1435,0.5
2017_1242_1436,0.5
2017_1242_1437,0.5
2017_1242_1438,0.5
2017_1242_1439,0.5
2017_1242_1448,0.5
2017_1242_1452,0.5
2017_1242_1455,0.5
2017_1242_1457,0.5
2017_1242_1458,0.5
2017_1242_1462,0.5
2017_1243_1245,0.5
2017_1243_1246,0.5
2017_1243_1257,0.5
2017_1243_1266,0.5
2017_1243_1268,0.5
2017_1243_1274,0.5
2017_1243_1276,0.5
2017_1243_1277,0.5
2017_1243_1278,0.5
2017_1243_1291,0.5
2017_1243_1292,0.5
2017_1243_1297,0.5
2017_1243_1300,0.5
2017_1243_1305,0.5
2017_1243_1308,0.5
2017_1243_1309,0.5
2017_1243_1314,0.5
2017_1243_1315,0.5
2017_1243_1321,0.5
2017_1243_1323,0.5
2017_1243_1329,0.5
2017_1243_1332,0.5
2017_1243_1343,0.5
2017_1243_1344,0.5
2017_1243_1345,0.5
2017_1243_1348,0.5
2017_1243_1355,0.5
2017_1243_1371,0.5
2017_1243_1374,0.5
2017_1243_1376,0.5
2017_1243_1388,0.5
2017_1243_1407,0.5
2017_1243_1411,0.5
2017_1243_1413,0.5
2017_1243_1417,0.5
2017_1243_1423,0.5
2017_1243_1425,0.5
2017_1243_1433,0.5
2017_1243_1435,0.5
2017_1243_1436,0.5
2017_1243_1437,0.5
2017_1243_1438,0.5
2017_1243_1439,0.5
2017_1243_1448,0.5
2017_1243_1452,0.5
2017_1243_1455,0.5
2017_1243_1457,0.5
2017_1243_1458,0.5
2017_1243_1462,0.5
2017_1245_1246,0.5
2017_1245_1257,0.5
2017_1245_1266,0.5
2017_1245_1268,0.5
2017_1245_1274,0.5
2017_1245_1276,0.5
2017_1245_1277,0.5
2017_1245_1278,0.5
2017_1245_1291,0.5
2017_1245_1292,0.5
2017_1245_1297,0.5
2017_1245_1300,0.5
2017_1245_1305,0.5
2017_1245_1308,0.5
2017_1245_1309,0.5
2017_1245_1314,0.5
2017_1245_1315,0.5
2017_1245_1321,0.5
2017_1245_1323,0.5
2017_1245_1329,0.5
2017_1245_1332,0.5
2017_1245_1343,0.5
2017_1245_1344,0.5
2017_1245_1345,0.5
2017_1245_1348,0.5
2017_1245_1355,0.5
2017_1245_1371,0.5
2017_1245_1374,0.5
2017_1245_1376,0.5
2017_1245_1388,0.5
2017_1245_1407,0.5
2017_1245_1411,0.5
2017_1245_1413,0.5
2017_1245_1417,0.5
2017_1245_1423,0.5
2017_1245_1425,0.5
2017_1245_1433,0.5
2017_1245_1435,0.5
2017_1245_1436,0.5
2017_1245_1437,0.5
2017_1245_1438,0.5
2017_1245_1439,0.5
2017_1245_1448,0.5
2017_1245_1452,0.5
2017_1245_1455,0.5
2017_1245_1457,0.5
2017_1245_1458,0.5
2017_1245_1462,0.5
2017_1246_1257,0.5
2017_1246_1266,0.5
2017_1246_1268,0.5
2017_1246_1274,0.5
2017_1246_1276,0.5
2017_1246_1277,0.5
2017_1246_1278,0.5
2017_1246_1291,0.5
2017_1246_1292,0.5
2017_1246_1297,0.5
2017_1246_1300,0.5
2017_1246_1305,0.5
2017_1246_1308,0.5
2017_1246_1309,0.5
2017_1246_1314,0.5
2017_1246_1315,0.5
2017_1246_1321,0.5
2017_1246_1323,0.5
2017_1246_1329,0.5
2017_1246_1332,0.5
2017_1246_1343,0.5
2017_1246_1344,0.5
2017_1246_1345,0.5
2017_1246_1348,0.5
2017_1246_1355,0.5
2017_1246_1371,0.5
2017_1246_1374,0.5
2017_1246_1376,0.5
2017_1246_1388,0.5
2017_1246_1407,0.5
2017_1246_1411,0.5
2017_1246_1413,0.5
2017_1246_1417,0.5
2017_1246_1423,0.5
2017_1246_1425,0.5
2017_1246_1433,0.5
2017_1246_1435,0.5
2017_1246_1436,0.5
2017_1246_1437,0.5
2017_1246_1438,0.5
2017_1246_1439,0.5
2017_1246_1448,0.5
2017_1246_1452,0.5
2017_1246_1455,0.5
2017_1246_1457,0.5
2017_1246_1458,0.5
2017_1246_1462,0.5
2017_1257_1266,0.5
2017_1257_1268,0.5
2017_1257_1274,0.5
2017_1257_1276,0.5
2017_1257_1277,0.5
2017_1257_1278,0.5
2017_1257_1291,0.5
2017_1257_1292,0.5
2017_1257_1297,0.5
2017_1257_1300,0.5
2017_1257_1305,0.5
2017_1257_1308,0.5
2017_1257_1309,0.5
2017_1257_1314,0.5
2017_1257_1315,0.5
2017_1257_1321,0.5
2017_1257_1323,0.5
2017_1257_1329,0.5
2017_1257_1332,0.5
2017_1257_1343,0.5
2017_1257_1344,0.5
2017_1257_1345,0.5
2017_1257_1348,0.5
2017_1257_1355,0.5
2017_1257_1371,0.5
2017_1257_1374,0.5
2017_1257_1376,0.5
2017_1257_1388,0.5
2017_1257_1407,0.5
2017_1257_1411,0.5
2017_1257_1413,0.5
2017_1257_1417,0.5
2017_1257_1423,0.5
2017_1257_1425,0.5
2017_1257_1433,0.5
2017_1257_1435,0.5
2017_1257_1436,0.5
2017_1257_1437,0.5
2017_1257_1438,0.5
2017_1257_1439,0.5
2017_1257_1448,0.5
2017_1257_1452,0.5
2017_1257_1455,0.5
2017_1257_1457,0.5
2017_1257_1458,0.5
2017_1257_1462,0.5
2017_1266_1268,0.5
2017_1266_1274,0.5
2017_1266_1276,0.5
2017_1266_1277,0.5
2017_1266_1278,0.5
2017_1266_1291,0.5
2017_1266_1292,0.5
2017_1266_1297,0.5
2017_1266_1300,0.5
2017_1266_1305,0.5
2017_1266_1308,0.5
2017_1266_1309,0.5
2017_1266_1314,0.5
2017_1266_1315,0.5
2017_1266_1321,0.5
2017_1266_1323,0.5
2017_1266_1329,0.5
2017_1266_1332,0.5
2017_1266_1343,0.5
2017_1266_1344,0.5
2017_1266_1345,0.5
2017_1266_1348,0.5
2017_1266_1355,0.5
2017_1266_1371,0.5
2017_1266_1374,0.5
2017_1266_1376,0.5
2017_1266_1388,0.5
2017_1266_1407,0.5
2017_1266_1411,0.5
2017_1266_1413,0.5
2017_1266_1417,0.5
2017_1266_1423,0.5
2017_1266_1425,0.5
2017_1266_1433,0.5
2017_1266_1435,0.5
2017_1266_1436,0.5
2017_1266_1437,0.5
2017_1266_1438,0.5
2017_1266_1439,0.5
2017_1266_1448,0.5
2017_1266_1452,0.5
2017_1266_1455,0.5
2017_1266_1457,0.5
2017_1266_1458,0.5
2017_1266_1462,0.5
2017_1268_1274,0.5
2017_1268_1276,0.5
2017_1268_1277,0.5
2017_1268_1278,0.5
2017_1268_1291,0.5
2017_1268_1292,0.5
2017_1268_1297,0.5
2017_1268_1300,0.5
2017_1268_1305,0.5
2017_1268_1308,0.5
2017_1268_1309,0.5
2017_1268_1314,0.5
2017_1268_1315,0.5
2017_1268_1321,0.5
2017_1268_1323,0.5
2017_1268_1329,0.5
2017_1268_1332,0.5
2017_1268_1343,0.5
2017_1268_1344,0.5
2017_1268_1345,0.5
2017_1268_1348,0.5
2017_1268_1355,0.5
2017_1268_1371,0.5
2017_1268_1374,0.5
2017_1268_1376,0.5
2017_1268_1388,0.5
2017_1268_1407,0.5
2017_1268_1411,0.5
2017_1268_1413,0.5
2017_1268_1417,0.5
2017_1268_1423,0.5
2017_1268_1425,0.5
2017_1268_1433,0.5
2017_1268_1435,0.5
2017_1268_1436,0.5
2017_1268_1437,0.5
2017_1268_1438,0.5
2017_1268_1439,0.5
2017_1268_1448,0.5
2017_1268_1452,0.5
2017_1268_1455,0.5
2017_1268_1457,0.5
2017_1268_1458,0.5
2017_1268_1462,0.5
2017_1274_1276,0.5
2017_1274_1277,0.5
2017_1274_1278,0.5
2017_1274_1291,0.5
2017_1274_1292,0.5
2017_1274_1297,0.5
2017_1274_1300,0.5
2017_1274_1305,0.5
2017_1274_1308,0.5
2017_1274_1309,0.5
2017_1274_1314,0.5
2017_1274_1315,0.5
2017_1274_1321,0.5
2017_1274_1323,0.5
2017_1274_1329,0.5
2017_1274_1332,0.5
2017_1274_1343,0.5
2017_1274_1344,0.5
2017_1274_1345,0.5
2017_1274_1348,0.5
2017_1274_1355,0.5
2017_1274_1371,0.5
2017_1274_1374,0.5
2017_1274_1376,0.5
2017_1274_1388,0.5
2017_1274_1407,0.5
2017_1274_1411,0.5
2017_1274_1413,0.5
2017_1274_1417,0.5
2017_1274_1423,0.5
2017_1274_1425,0.5
2017_1274_1433,0.5
2017_1274_1435,0.5
2017_1274_1436,0.5
2017_1274_1437,0.5
2017_1274_1438,0.5
2017_1274_1439,0.5
2017_1274_1448,0.5
2017_1274_1452,0.5
2017_1274_1455,0.5
2017_1274_1457,0.5
2017_1274_1458,0.5
2017_1274_1462,0.5
2017_1276_1277,0.5
2017_1276_1278,0.5
2017_1276_1291,0.5
2017_1276_1292,0.5
2017_1276_1297,0.5
2017_1276_1300,0.5
2017_1276_1305,0.5
2017_1276_1308,0.5
2017_1276_1309,0.5
2017_1276_1314,0.5
2017_1276_1315,0.5
2017_1276_1321,0.5
2017_1276_1323,0.5
2017_1276_1329,0.5
2017_1276_1332,0.5
2017_1276_1343,0.5
2017_1276_1344,0.5
2017_1276_1345,0.5
2017_1276_1348,0.5
2017_1276_1355,0.5
2017_1276_1371,0.5
2017_1276_1374,0.5
2017_1276_1376,0.5
2017_1276_1388,0.5
2017_1276_1407,0.5
2017_1276_1411,0.5
2017_1276_1413,0.5
2017_1276_1417,0.5
2017_1276_1423,0.5
2017_1276_1425,0.5
2017_1276_1433,0.5
2017_1276_1435,0.5
2017_1276_1436,0.5
2017_1276_1437,0.5
2017_1276_1438,0.5
2017_1276_1439,0.5
2017_1276_1448,0.5
2017_1276_1452,0.5
2017_1276_1455,0.5
2017_1276_1457,0.5
2017_1276_1458,0.5
2017_1276_1462,0.5
2017_1277_1278,0.5
2017_1277_1291,0.5
2017_1277_1292,0.5
2017_1277_1297,0.5
2017_1277_1300,0.5
2017_1277_1305,0.5
2017_1277_1308,0.5
2017_1277_1309,0.5
2017_1277_1314,0.5
2017_1277_1315,0.5
2017_1277_1321,0.5
2017_1277_1323,0.5
2017_1277_1329,0.5
2017_1277_1332,0.5
2017_1277_1343,0.5
2017_1277_1344,0.5
2017_1277_1345,0.5
2017_1277_1348,0.5
2017_1277_1355,0.5
2017_1277_1371,0.5
2017_1277_1374,0.5
2017_1277_1376,0.5
2017_1277_1388,0.5
2017_1277_1407,0.5
2017_1277_1411,0.5
2017_1277_1413,0.5
2017_1277_1417,0.5
2017_1277_1423,0.5
2017_1277_1425,0.5
2017_1277_1433,0.5
2017_1277_1435,0.5
2017_1277_1436,0.5
2017_1277_1437,0.5
2017_1277_1438,0.5
2017_1277_1439,0.5
2017_1277_1448,0.5
2017_1277_1452,0.5
2017_1277_1455,0.5
2017_1277_1457,0.5
2017_1277_1458,0.5
2017_1277_1462,0.5
2017_1278_1291,0.5
2017_1278_1292,0.5
2017_1278_1297,0.5
2017_1278_1300,0.5
2017_1278_1305,0.5
2017_1278_1308,0.5
2017_1278_1309,0.5
2017_1278_1314,0.5
2017_1278_1315,0.5
2017_1278_1321,0.5
2017_1278_1323,0.5
2017_1278_1329,0.5
2017_1278_1332,0.5
2017_1278_1343,0.5
2017_1278_1344,0.5
2017_1278_1345,0.5
2017_1278_1348,0.5
2017_1278_1355,0.5
2017_1278_1371,0.5
2017_1278_1374,0.5
2017_1278_1376,0.5
2017_1278_1388,0.5
2017_1278_1407,0.5
2017_1278_1411,0.5
2017_1278_1413,0.5
2017_1278_1417,0.5
2017_1278_1423,0.5
2017_1278_1425,0.5
2017_1278_1433,0.5
2017_1278_1435,0.5
2017_1278_1436,0.5
2017_1278_1437,0.5
2017_1278_1438,0.5
2017_1278_1439,0.5
2017_1278_1448,0.5
2017_1278_1452,0.5
2017_1278_1455,0.5
2017_1278_1457,0.5
2017_1278_1458,0.5
2017_1278_1462,0.5
2017_1291_1292,0.5
2017_1291_1297,0.5
2017_1291_1300,0.5
2017_1291_1305,0.5
2017_1291_1308,0.5
2017_1291_1309,0.5
2017_1291_1314,0.5
2017_1291_1315,0.5
2017_1291_1321,0.5
2017_1291_1323,0.5
2017_1291_1329,0.5
2017_1291_1332,0.5
2017_1291_1343,0.5
2017_1291_1344,0.5
2017_1291_1345,0.5
2017_1291_1348,0.5
2017_1291_1355,0.5
2017_1291_1371,0.5
2017_1291_1374,0.5
2017_1291_1376,0.5
2017_1291_1388,0.5
2017_1291_1407,0.5
2017_1291_1411,0.5
2017_1291_1413,0.5
2017_1291_1417,0.5
2017_1291_1423,0.5
2017_1291_1425,0.5
2017_1291_1433,0.5
2017_1291_1435,0.5
2017_1291_1436,0.5
2017_1291_1437,0.5
2017_1291_1438,0.5
2017_1291_1439,0.5
2017_1291_1448,0.5
2017_1291_1452,0.5
2017_1291_1455,0.5
2017_1291_1457,0.5
2017_1291_1458,0.5
2017_1291_1462,0.5
2017_1292_1297,0.5
2017_1292_1300,0.5
2017_1292_1305,0.5
2017_1292_1308,0.5
2017_1292_1309,0.5
2017_1292_1314,0.5
2017_1292_1315,0.5
2017_1292_1321,0.5
2017_1292_1323,0.5
2017_1292_1329,0.5
2017_1292_1332,0.5
2017_1292_1343,0.5
2017_1292_1344,0.5
2017_1292_1345,0.5
2017_1292_1348,0.5
2017_1292_1355,0.5
2017_1292_1371,0.5
2017_1292_1374,0.5
2017_1292_1376,0.5
2017_1292_1388,0.5
2017_1292_1407,0.5
2017_1292_1411,0.5
2017_1292_1413,0.5
2017_1292_1417,0.5
2017_1292_1423,0.5
2017_1292_1425,0.5
2017_1292_1433,0.5
2017_1292_1435,0.5
2017_1292_1436,0.5
2017_1292_1437,0.5
2017_1292_1438,0.5
2017_1292_1439,0.5
2017_1292_1448,0.5
2017_1292_1452,0.5
2017_1292_1455,0.5
2017_1292_1457,0.5
2017_1292_1458,0.5
2017_1292_1462,0.5
2017_1297_1300,0.5
2017_1297_1305,0.5
2017_1297_1308,0.5
2017_1297_1309,0.5
2017_1297_1314,0.5
2017_1297_1315,0.5
2017_1297_1321,0.5
2017_1297_1323,0.5
2017_1297_1329,0.5
2017_1297_1332,0.5
2017_1297_1343,0.5
2017_1297_1344,0.5
2017_1297_1345,0.5
2017_1297_1348,0.5
2017_1297_1355,0.5
2017_1297_1371,0.5
2017_1297_1374,0.5
2017_1297_1376,0.5
2017_1297_1388,0.5
2017_1297_1407,0.5
2017_1297_1411,0.5
2017_1297_1413,0.5
2017_1297_1417,0.5
2017_1297_1423,0.5
2017_1297_1425,0.5
2017_1297_1433,0.5
2017_1297_1435,0.5
2017_1297_1436,0.5
2017_1297_1437,0.5
2017_1297_1438,0.5
2017_1297_1439,0.5
2017_1297_1448,0.5
2017_1297_1452,0.5
2017_1297_1455,0.5
2017_1297_1457,0.5
2017_1297_1458,0.5
2017_1297_1462,0.5
2017_1300_1305,0.5
2017_1300_1308,0.5
2017_1300_1309,0.5
2017_1300_1314,0.5
2017_1300_1315,0.5
2017_1300_1321,0.5
2017_1300_1323,0.5
2017_1300_1329,0.5
2017_1300_1332,0.5
2017_1300_1343,0.5
2017_1300_1344,0.5
2017_1300_1345,0.5
2017_1300_1348,0.5
2017_1300_1355,0.5
2017_1300_1371,0.5
2017_1300_1374,0.5
2017_1300_1376,0.5
2017_1300_1388,0.5
2017_1300_1407,0.5
2017_1300_1411,0.5
2017_1300_1413,0.5
2017_1300_1417,0.5
2017_1300_1423,0.5
2017_1300_1425,0.5
2017_1300_1433,0.5
2017_1300_1435,0.5
2017_1300_1436,0.5
2017_1300_1437,0.5
2017_1300_1438,0.5
2017_1300_1439,0.5
2017_1300_1448,0.5
2017_1300_1452,0.5
2017_1300_1455,0.5
2017_1300_1457,0.5
2017_1300_1458,0.5
2017_1300_1462,0.5
2017_1305_1308,0.5
2017_1305_1309,0.5
2017_1305_1314,0.5
2017_1305_1315,0.5
2017_1305_1321,0.5
2017_1305_1323,0.5
2017_1305_1329,0.5
2017_1305_1332,0.5
2017_1305_1343,0.5
2017_1305_1344,0.5
2017_1305_1345,0.5
2017_1305_1348,0.5
2017_1305_1355,0.5
2017_1305_1371,0.5
2017_1305_1374,0.5
2017_1305_1376,0.5
2017_1305_1388,0.5
2017_1305_1407,0.5
2017_1305_1411,0.5
2017_1305_1413,0.5
2017_1305_1417,0.5
2017_1305_1423,0.5
2017_1305_1425,0.5
2017_1305_1433,0.5
2017_1305_1435,0.5
2017_1305_1436,0.5
2017_1305_1437,0.5
2017_1305_1438,0.5
2017_1305_1439,0.5
2017_1305_1448,0.5
2017_1305_1452,0.5
2017_1305_1455,0.5
2017_1305_1457,0.5
2017_1305_1458,0.5
2017_1305_1462,0.5
2017_1308_1309,0.5
2017_1308_1314,0.5
2017_1308_1315,0.5
2017_1308_1321,0.5
2017_1308_1323,0.5
2017_1308_1329,0.5
2017_1308_1332,0.5
2017_1308_1343,0.5
2017_1308_1344,0.5
2017_1308_1345,0.5
2017_1308_1348,0.5
2017_1308_1355,0.5
2017_1308_1371,0.5
2017_1308_1374,0.5
2017_1308_1376,0.5
2017_1308_1388,0.5
2017_1308_1407,0.5
2017_1308_1411,0.5
2017_1308_1413,0.5
2017_1308_1417,0.5
2017_1308_1423,0.5
2017_1308_1425,0.5
2017_1308_1433,0.5
2017_1308_1435,0.5
2017_1308_1436,0.5
2017_1308_1437,0.5
2017_1308_1438,0.5
2017_1308_1439,0.5
2017_1308_1448,0.5
2017_1308_1452,0.5
2017_1308_1455,0.5
2017_1308_1457,0.5
2017_1308_1458,0.5
2017_1308_1462,0.5
2017_1309_1314,0.5
2017_1309_1315,0.5
2017_1309_1321,0.5
2017_1309_1323,0.5
2017_1309_1329,0.5
2017_1309_1332,0.5
2017_1309_1343,0.5
2017_1309_1344,0.5
2017_1309_1345,0.5
2017_1309_1348,0.5
2017_1309_1355,0.5
2017_1309_1371,0.5
2017_1309_1374,0.5
2017_1309_1376,0.5
2017_1309_1388,0.5
2017_1309_1407,0.5
2017_1309_1411,0.5
2017_1309_1413,0.5
2017_1309_1417,0.5
2017_1309_1423,0.5
2017_1309_1425,0.5
2017_1309_1433,0.5
2017_1309_1435,0.5
2017_1309_1436,0.5
2017_1309_1437,0.5
2017_1309_1438,0.5
2017_1309_1439,0.5
2017_1309_1448,0.5
2017_1309_1452,0.5
2017_1309_1455,0.5
2017_1309_1457,0.5
2017_1309_1458,0.5
2017_1309_1462,0.5
2017_1314_1315,0.5
2017_1314_1321,0.5
2017_1314_1323,0.5
2017_1314_1329,0.5
2017_1314_1332,0.5
2017_1314_1343,0.5
2017_1314_1344,0.5
2017_1314_1345,0.5
2017_1314_1348,0.5
2017_1314_1355,0.5
2017_1314_1371,0.5
2017_1314_1374,0.5
2017_1314_1376,0.5
2017_1314_1388,0.5
2017_1314_1407,0.5
2017_1314_1411,0.5
2017_1314_1413,0.5
2017_1314_1417,0.5
2017_1314_1423,0.5
2017_1314_1425,0.5
2017_1314_1433,0.5
2017_1314_1435,0.5
2017_1314_1436,0.5
2017_1314_1437,0.5
2017_1314_1438,0.5
2017_1314_1439,0.5
2017_1314_1448,0.5
2017_1314_1452,0.5
2017_1314_1455,0.5
2017_1314_1457,0.5
2017_1314_1458,0.5
2017_1314_1462,0.5
2017_1315_1321,0.5
2017_1315_1323,0.5
2017_1315_1329,0.5
2017_1315_1332,0.5
2017_1315_1343,0.5
2017_1315_1344,0.5
2017_1315_1345,0.5
2017_1315_1348,0.5
2017_1315_1355,0.5
2017_1315_1371,0.5
2017_1315_1374,0.5
2017_1315_1376,0.5
2017_1315_1388,0.5
2017_1315_1407,0.5
2017_1315_1411,0.5
2017_1315_1413,0.5
2017_1315_1417,0.5
2017_1315_1423,0.5
2017_1315_1425,0.5
2017_1315_1433,0.5
2017_1315_1435,0.5
2017_1315_1436,0.5
2017_1315_1437,0.5
2017_1315_1438,0.5
2017_1315_1439,0.5
2017_1315_1448,0.5
2017_1315_1452,0.5
2017_1315_1455,0.5
2017_1315_1457,0.5
2017_1315_1458,0.5
2017_1315_1462,0.5
2017_1321_1323,0.5
2017_1321_1329,0.5
2017_1321_1332,0.5
2017_1321_1343,0.5
2017_1321_1344,0.5
2017_1321_1345,0.5
2017_1321_1348,0.5
2017_1321_1355,0.5
2017_1321_1371,0.5
2017_1321_1374,0.5
2017_1321_1376,0.5
2017_1321_1388,0.5
2017_1321_1407,0.5
2017_1321_1411,0.5
2017_1321_1413,0.5
2017_1321_1417,0.5
2017_1321_1423,0.5
2017_1321_1425,0.5
2017_1321_1433,0.5
2017_1321_1435,0.5
2017_1321_1436,0.5
2017_1321_1437,0.5
2017_1321_1438,0.5
2017_1321_1439,0.5
2017_1321_1448,0.5
2017_1321_1452,0.5
2017_1321_1455,0.5
2017_1321_1457,0.5
2017_1321_1458,0.5
2017_1321_1462,0.5
2017_1323_1329,0.5
2017_1323_1332,0.5
2017_1323_1343,0.5
2017_1323_1344,0.5
2017_1323_1345,0.5
2017_1323_1348,0.5
2017_1323_1355,0.5
2017_1323_1371,0.5
2017_1323_1374,0.5
2017_1323_1376,0.5
2017_1323_1388,0.5
2017_1323_1407,0.5
2017_1323_1411,0.5
2017_1323_1413,0.5
2017_1323_1417,0.5
2017_1323_1423,0.5
2017_1323_1425,0.5
2017_1323_1433,0.5
2017_1323_1435,0.5
2017_1323_1436,0.5
2017_1323_1437,0.5
2017_1323_1438,0.5
2017_1323_1439,0.5
2017_1323_1448,0.5
2017_1323_1452,0.5
2017_1323_1455,0.5
2017_1323_1457,0.5
2017_1323_1458,0.5
2017_1323_1462,0.5
2017_1329_1332,0.5
2017_1329_1343,0.5
2017_1329_1344,0.5
2017_1329_1345,0.5
2017_1329_1348,0.5
2017_1329_1355,0.5
2017_1329_1371,0.5
2017_1329_1374,0.5
2017_1329_1376,0.5
2017_1329_1388,0.5
2017_1329_1407,0.5
2017_1329_1411,0.5
2017_1329_1413,0.5
2017_1329_1417,0.5
2017_1329_1423,0.5
2017_1329_1425,0.5
2017_1329_1433,0.5
2017_1329_1435,0.5
2017_1329_1436,0.5
2017_1329_1437,0.5
2017_1329_1438,0.5
2017_1329_1439,0.5
2017_1329_1448,0.5
2017_1329_1452,0.5
2017_1329_1455,0.5
2017_1329_1457,0.5
2017_1329_1458,0.5
2017_1329_1462,0.5
2017_1332_1343,0.5
2017_1332_1344,0.5
2017_1332_1345,0.5
2017_1332_1348,0.5
2017_1332_1355,0.5
2017_1332_1371,0.5
2017_1332_1374,0.5
2017_1332_1376,0.5
2017_1332_1388,0.5
2017_1332_1407,0.5
2017_1332_1411,0.5
2017_1332_1413,0.5
2017_1332_1417,0.5
2017_1332_1423,0.5
2017_1332_1425,0.5
2017_1332_1433,0.5
2017_1332_1435,0.5
2017_1332_1436,0.5
2017_1332_1437,0.5
2017_1332_1438,0.5
2017_1332_1439,0.5
2017_1332_1448,0.5
2017_1332_1452,0.5
2017_1332_1455,0.5
2017_1332_1457,0.5
2017_1332_1458,0.5
2017_1332_1462,0.5
2017_1343_1344,0.5
2017_1343_1345,0.5
2017_1343_1348,0.5
2017_1343_1355,0.5
2017_1343_1371,0.5
2017_1343_1374,0.5
2017_1343_1376,0.5
2017_1343_1388,0.5
2017_1343_1407,0.5
2017_1343_1411,0.5
2017_1343_1413,0.5
2017_1343_1417,0.5
2017_1343_1423,0.5
2017_1343_1425,0.5
2017_1343_1433,0.5
2017_1343_1435,0.5
2017_1343_1436,0.5
2017_1343_1437,0.5
2017_1343_1438,0.5
2017_1343_1439,0.5
2017_1343_1448,0.5
2017_1343_1452,0.5
2017_1343_1455,0.5
2017_1343_1457,0.5
2017_1343_1458,0.5
2017_1343_1462,0.5
2017_1344_1345,0.5
2017_1344_1348,0.5
2017_1344_1355,0.5
2017_1344_1371,0.5
2017_1344_1374,0.5
2017_1344_1376,0.5
2017_1344_1388,0.5
2017_1344_1407,0.5
2017_1344_1411,0.5
2017_1344_1413,0.5
2017_1344_1417,0.5
2017_1344_1423,0.5
2017_1344_1425,0.5
2017_1344_1433,0.5
2017_1344_1435,0.5
2017_1344_1436,0.5
2017_1344_1437,0.5
2017_1344_1438,0.5
2017_1344_1439,0.5
2017_1344_1448,0.5
2017_1344_1452,0.5
2017_1344_1455,0.5
2017_1344_1457,0.5
2017_1344_1458,0.5
2017_1344_1462,0.5
2017_1345_1348,0.5
2017_1345_1355,0.5
2017_1345_1371,0.5
2017_1345_1374,0.5
2017_1345_1376,0.5
2017_1345_1388,0.5
2017_1345_1407,0.5
2017_1345_1411,0.5
2017_1345_1413,0.5
2017_1345_1417,0.5
2017_1345_1423,0.5
2017_1345_1425,0.5
2017_1345_1433,0.5
2017_1345_1435,0.5
2017_1345_1436,0.5
2017_1345_1437,0.5
2017_1345_1438,0.5
2017_1345_1439,0.5
2017_1345_1448,0.5
2017_1345_1452,0.5
2017_1345_1455,0.5
2017_1345_1457,0.5
2017_1345_1458,0.5
2017_1345_1462,0.5
2017_1348_1355,0.5
2017_1348_1371,0.5
2017_1348_1374,0.5
2017_1348_1376,0.5
2017_1348_1388,0.5
2017_1348_1407,0.5
2017_1348_1411,0.5
2017_1348_1413,0.5
2017_1348_1417,0.5
2017_1348_1423,0.5
2017_1348_1425,0.5
2017_1348_1433,0.5
2017_1348_1435,0.5
2017_1348_1436,0.5
2017_1348_1437,0.5
2017_1348_1438,0.5
2017_1348_1439,0.5
2017_1348_1448,0.5
2017_1348_1452,0.5
2017_1348_1455,0.5
2017_1348_1457,0.5
2017_1348_1458,0.5
2017_1348_1462,0.5
2017_1355_1371,0.5
2017_1355_1374,0.5
2017_1355_1376,0.5
2017_1355_1388,0.5
2017_1355_1407,0.5
2017_1355_1411,0.5
2017_1355_1413,0.5
2017_1355_1417,0.5
2017_1355_1423,0.5
2017_1355_1425,0.5
2017_1355_1433,0.5
2017_1355_1435,0.5
2017_1355_1436,0.5
2017_1355_1437,0.5
2017_1355_1438,0.5
2017_1355_1439,0.5
2017_1355_1448,0.5
2017_1355_1452,0.5
2017_1355_1455,0.5
2017_1355_1457,0.5
2017_1355_1458,0.5
2017_1355_1462,0.5
2017_1371_1374,0.5
2017_1371_1376,0.5
2017_1371_1388,0.5
2017_1371_1407,0.5
2017_1371_1411,0.5
2017_1371_1413,0.5
2017_1371_1417,0.5
2017_1371_1423,0.5
2017_1371_1425,0.5
2017_1371_1433,0.5
2017_1371_1435,0.5
2017_1371_1436,0.5
2017_1371_1437,0.5
2017_1371_1438,0.5
2017_1371_1439,0.5
2017_1371_1448,0.5
2017_1371_1452,0.5
2017_1371_1455,0.5
2017_1371_1457,0.5
2017_1371_1458,0.5
2017_1371_1462,0.5
2017_1374_1376,0.5
2017_1374_1388,0.5
2017_1374_1407,0.5
2017_1374_1411,0.5
2017_1374_1413,0.5
2017_1374_1417,0.5
2017_1374_1423,0.5
2017_1374_1425,0.5
2017_1374_1433,0.5
2017_1374_1435,0.5
2017_1374_1436,0.5
2017_1374_1437,0.5
2017_1374_1438,0.5
2017_1374_1439,0.5
2017_1374_1448,0.5
2017_1374_1452,0.5
2017_1374_1455,0.5
2017_1374_1457,0.5
2017_1374_1458,0.5
2017_1374_1462,0.5
2017_1376_1388,0.5
2017_1376_1407,0.5
2017_1376_1411,0.5
2017_1376_1413,0.5
2017_1376_1417,0.5
2017_1376_1423,0.5
2017_1376_1425,0.5
2017_1376_1433,0.5
2017_1376_1435,0.5
2017_1376_1436,0.5
2017_1376_1437,0.5
2017_1376_1438,0.5
2017_1376_1439,0.5
2017_1376_1448,0.5
2017_1376_1452,0.5
2017_1376_1455,0.5
2017_1376_1457,0.5
2017_1376_1458,0.5
2017_1376_1462,0.5
2017_1388_1407,0.5
2017_1388_1411,0.5
2017_1388_1413,0.5
2017_1388_1417,0.5
2017_1388_1423,0.5
2017_1388_1425,0.5
2017_1388_1433,0.5
2017_1388_1435,0.5
2017_1388_1436,0.5
2017_1388_1437,0.5
2017_1388_1438,0.5
2017_1388_1439,0.5
2017_1388_1448,0.5
2017_1388_1452,0.5
2017_1388_1455,0.5
2017_1388_1457,0.5
2017_1388_1458,0.5
2017_1388_1462,0.5
2017_1407_1411,0.5
2017_1407_1413,0.5
2017_1407_1417,0.5
2017_1407_1423,0.5
2017_1407_1425,0.5
2017_1407_1433,0.5
2017_1407_1435,0.5
2017_1407_1436,0.5
2017_1407_1437,0.5
2017_1407_1438,0.5
2017_1407_1439,0.5
2017_1407_1448,0.5
2017_1407_1452,0.5
2017_1407_1455,0.5
2017_1407_1457,0.5
2017_1407_1458,0.5
2017_1407_1462,0.5
2017_1411_1413,0.5
2017_1411_1417,0.5
2017_1411_1423,0.5
2017_1411_1425,0.5
2017_1411_1433,0.5
2017_1411_1435,0.5
2017_1411_1436,0.5
2017_1411_1437,0.5
2017_1411_1438,0.5
2017_1411_1439,0.5
2017_1411_1448,0.5
2017_1411_1452,0.5
2017_1411_1455,0.5
2017_1411_1457,0.5
2017_1411_1458,0.5
2017_1411_1462,0.5
2017_1413_1417,0.5
2017_1413_1423,0.5
2017_1413_1425,0.5
2017_1413_1433,0.5
2017_1413_1435,0.5
2017_1413_1436,0.5
2017_1413_1437,0.5
2017_1413_1438,0.5
2017_1413_1439,0.5
2017_1413_1448,0.5
2017_1413_1452,0.5
2017_1413_1455,0.5
2017_1413_1457,0.5
2017_1413_1458,0.5
2017_1413_1462,0.5
2017_1417_1423,0.5
2017_1417_1425,0.5
2017_1417_1433,0.5
2017_1417_1435,0.5
2017_1417_1436,0.5
2017_1417_1437,0.5
2017_1417_1438,0.5
2017_1417_1439,0.5
2017_1417_1448,0.5
2017_1417_1452,0.5
2017_1417_1455,0.5
2017_1417_1457,0.5
2017_1417_1458,0.5
2017_1417_1462,0.5
2017_1423_1425,0.5
2017_1423_1433,0.5
2017_1423_1435,0.5
2017_1423_1436,0.5
2017_1423_1437,0.5
2017_1423_1438,0.5
2017_1423_1439,0.5
2017_1423_1448,0.5
2017_1423_1452,0.5
2017_1423_1455,0.5
2017_1423_1457,0.5
2017_1423_1458,0.5
2017_1423_1462,0.5
2017_1425_1433,0.5
2017_1425_1435,0.5
2017_1425_1436,0.5
2017_1425_1437,0.5
2017_1425_1438,0.5
2017_1425_1439,0.5
2017_1425_1448,0.5
2017_1425_1452,0.5
2017_1425_1455,0.5
2017_1425_1457,0.5
2017_1425_1458,0.5
2017_1425_1462,0.5
2017_1433_1435,0.5
2017_1433_1436,0.5
2017_1433_1437,0.5
2017_1433_1438,0.5
2017_1433_1439,0.5
2017_1433_1448,0.5
2017_1433_1452,0.5
2017_1433_1455,0.5
2017_1433_1457,0.5
2017_1433_1458,0.5
2017_1433_1462,0.5
2017_1435_1436,0.5
2017_1435_1437,0.5
2017_1435_1438,0.5
2017_1435_1439,0.5
2017_1435_1448,0.5
2017_1435_1452,0.5
2017_1435_1455,0.5
2017_1435_1457,0.5
2017_1435_1458,0.5
2017_1435_1462,0.5
2017_1436_1437,0.5
2017_1436_1438,0.5
2017_1436_1439,0.5
2017_1436_1448,0.5
2017_1436_1452,0.5
2017_1436_1455,0.5
2017_1436_1457,0.5
2017_1436_1458,0.5
2017_1436_1462,0.5
2017_1437_1438,0.5
2017_1437_1439,0.5
2017_1437_1448,0.5
2017_1437_1452,0.5
2017_1437_1455,0.5
2017_1437_1457,0.5
2017_1437_1458,0.5
2017_1437_1462,0.5
2017_1438_1439,0.5
2017_1438_1448,0.5
2017_1438_1452,0.5
2017_1438_1455,0.5
2017_1438_1457,0.5
2017_1438_1458,0.5
2017_1438_1462,0.5
2017_1439_1448,0.5
2017_1439_1452,0.5
2017_1439_1455,0.5
2017_1439_1457,0.5
2017_1439_1458,0.5
2017_1439_1462,0.5
2017_1448_1452,0.5
2017_1448_1455,0.5
2017_1448_1457,0.5
2017_1448_1458,0.5
2017_1448_1462,0.5
2017_1452_1455,0.5
2017_1452_1457,0.5
2017_1452_1458,0.5
2017_1452_1462,0.5
2017_1455_1457,0.5
2017_1455_1458,0.5
2017_1455_1462,0.5
2017_1457_1458,0.5
2017_1457_1462,0.5
2017_1458_1462,0.5
