Season,Daynum,Wteam,Wscore,Lteam,Lscore,Wloc,Numot,Wfgm,Wfga,Wfgm3,Wfga3,Wftm,Wfta,Wor,Wdr,Wast,Wto,Wstl,Wblk,Wpf,Lfgm,Lfga,Lfgm3,Lfga3,Lftm,Lfta,Lor,Ldr,Last,Lto,Lstl,Lblk,Lpf
2003,134,1421,92,1411,84,N,1,32,69,11,29,17,26,14,30,17,12,5,3,22,29,67,12,31,14,31,17,28,16,15,5,0,22
2003,136,1112,80,1436,51,N,0,31,66,7,23,11,14,11,36,22,16,10,7,8,20,64,4,16,7,7,8,26,12,17,10,3,15
2003,136,1113,84,1272,71,N,0,31,59,6,14,16,22,10,27,18,9,7,4,19,25,69,7,28,14,21,20,22,11,12,2,5,18
2003,136,1141,79,1166,73,N,0,29,53,3,7,18,25,11,20,15,18,13,1,19,27,60,7,17,12,17,14,17,20,21,6,6,21
2003,136,1143,76,1301,74,N,1,27,64,7,20,15,23,18,20,17,13,8,2,14,25,56,9,21,15,20,10,26,16,14,5,8,19
2003,136,1163,58,1140,53,N,0,17,52,4,14,20,27,12,29,8,14,3,8,16,20,64,2,17,11,13,15,26,11,11,8,4,22
2003,136,1181,67,1161,57,N,0,19,54,4,13,25,31,13,27,4,16,10,8,23,18,54,3,11,18,22,11,24,8,19,5,4,19
2003,136,1211,74,1153,69,N,0,20,47,6,14,28,37,8,28,12,12,2,2,15,26,66,10,27,7,10,13,22,13,10,7,6,24
2003,136,1228,65,1443,60,N,0,24,56,5,14,12,14,15,23,15,14,11,4,14,22,58,8,24,8,13,17,18,10,14,6,5,16
2003,136,1242,64,1429,61,N,0,28,51,2,6,6,11,7,20,13,11,8,4,17,23,56,6,17,9,10,13,19,13,13,6,1,15
2003,136,1266,72,1221,68,N,0,22,51,9,16,19,23,11,20,14,10,4,3,23,24,54,5,15,15,25,14,20,14,9,4,1,20
2003,136,1281,72,1356,71,N,0,28,52,5,13,11,18,9,32,7,23,4,6,19,26,65,8,19,11,21,11,18,19,13,6,0,19
2003,136,1323,70,1454,69,N,0,23,54,3,13,21,25,11,33,7,20,6,6,19,23,66,8,23,15,20,14,23,15,12,11,3,25
2003,136,1328,71,1354,54,N,0,24,52,10,18,13,24,11,24,16,14,8,3,12,21,52,6,20,6,8,7,22,8,18,7,2,23
2003,136,1390,77,1360,69,N,0,29,64,8,24,11,15,12,29,16,14,4,8,24,20,61,4,18,25,32,17,25,7,11,3,0,18
2003,136,1409,84,1173,71,N,0,33,57,8,12,10,13,8,26,18,12,6,1,11,28,66,9,28,6,9,12,16,11,11,3,3,19
2003,136,1458,81,1451,74,N,0,31,58,6,16,13,22,10,24,16,9,7,2,16,29,71,7,24,9,15,22,21,9,10,4,0,20
2003,137,1120,65,1386,63,N,1,25,57,7,18,8,13,14,24,11,15,4,5,16,22,59,6,24,13,16,15,21,11,12,8,4,19
2003,137,1139,47,1280,46,N,0,18,47,5,18,6,8,7,19,5,8,3,0,15,16,44,6,21,8,14,8,22,10,10,6,4,13
2003,137,1196,85,1358,55,N,0,32,61,13,28,8,14,9,31,24,10,6,3,15,19,57,6,18,11,18,12,25,10,16,1,4,16
2003,137,1231,67,1104,62,N,0,19,49,7,18,22,26,13,22,15,8,1,2,17,22,52,5,12,13,16,9,20,13,8,2,6,21
2003,137,1246,95,1237,64,N,0,40,65,10,20,5,11,10,25,22,13,7,4,17,22,60,4,15,16,22,15,18,10,19,7,1,15
2003,137,1257,86,1122,64,N,0,35,70,8,24,8,13,15,29,18,12,12,4,22,24,54,2,21,14,22,8,21,11,18,5,3,18
2003,137,1268,75,1423,73,N,0,27,54,10,19,11,15,8,27,17,13,3,3,20,20,55,13,29,20,26,10,19,16,8,7,1,19
2003,137,1277,79,1160,64,N,0,26,56,7,13,20,25,10,28,16,11,5,1,18,26,60,5,14,7,17,12,23,9,13,6,8,19
2003,137,1329,77,1335,63,N,0,27,50,7,20,16,28,10,15,15,11,12,0,17,20,41,8,18,15,16,2,13,17,18,5,0,20
2003,137,1338,87,1447,61,N,0,33,59,9,16,12,21,10,23,22,9,14,6,19,21,51,7,21,12,18,9,20,13,19,6,2,20
2003,137,1345,80,1261,56,N,0,27,52,9,16,17,19,8,25,7,19,9,1,18,20,60,6,26,10,17,17,18,7,16,7,3,13
2003,137,1393,76,1264,65,N,0,30,52,4,11,12,15,11,28,16,18,5,9,17,22,61,6,21,15,18,14,14,16,11,9,2,14
2003,137,1400,82,1421,61,N,0,31,62,6,16,14,20,19,28,15,14,6,2,16,23,62,5,21,10,12,13,16,5,11,9,3,16
2003,137,1428,60,1332,58,N,0,18,61,9,23,15,18,13,23,8,15,7,4,22,19,55,3,17,17,24,13,29,8,17,6,2,22
2003,137,1448,76,1190,73,N,0,29,69,6,23,12,20,19,29,13,19,8,9,19,24,60,5,10,20,28,13,25,7,15,12,4,20
2003,137,1462,71,1407,59,N,0,26,64,6,20,13,18,17,30,19,10,5,4,11,23,65,11,29,2,6,12,21,13,9,6,6,19
2003,138,1112,96,1211,95,N,2,34,74,7,24,21,29,18,29,18,9,7,4,20,34,77,11,30,16,21,16,27,20,11,5,5,25
2003,138,1163,85,1390,74,N,0,31,68,6,10,17,21,17,26,12,9,4,1,13,27,62,8,23,12,17,11,22,12,11,2,6,18
2003,138,1181,86,1141,60,N,0,32,52,10,15,12,16,4,23,14,11,15,9,18,21,57,8,17,10,14,14,19,8,21,4,2,14
2003,138,1242,108,1113,76,N,0,40,59,5,9,23,34,12,28,21,13,6,6,20,28,69,4,15,16,23,17,14,11,11,7,5,21
2003,138,1266,101,1281,92,N,1,35,62,12,18,19,20,8,25,18,12,6,0,20,31,72,15,36,15,19,18,20,19,12,4,4,17
2003,138,1323,68,1228,60,N,0,25,61,13,24,5,5,5,32,12,11,5,4,13,22,63,5,17,11,16,10,31,12,9,6,3,10
2003,138,1328,74,1143,65,N,0,26,51,7,13,15,24,13,23,16,12,2,2,15,27,52,5,16,6,12,6,18,6,9,5,4,23
2003,138,1458,61,1409,60,N,0,22,57,6,22,11,17,10,22,12,5,5,3,11,26,59,3,11,5,5,11,30,12,11,1,3,16
2003,139,1120,68,1448,62,N,0,24,56,4,19,16,20,12,21,11,14,9,6,18,18,49,8,23,18,21,12,23,5,18,7,7,23
2003,139,1139,79,1257,71,N,0,27,52,14,22,11,19,10,18,21,12,6,2,11,28,54,11,25,4,4,8,19,13,14,8,2,21
2003,139,1246,74,1428,54,N,0,26,55,4,13,18,18,13,22,11,13,4,3,16,19,48,4,14,12,16,8,14,8,16,7,2,19
2003,139,1268,77,1462,64,N,0,30,58,3,13,14,17,7,32,19,8,2,6,21,20,57,7,18,17,24,8,20,12,7,2,0,16
2003,139,1277,68,1196,46,N,0,25,45,6,16,12,18,9,21,15,10,5,0,18,16,43,5,21,9,12,8,14,9,14,2,1,20
2003,139,1338,74,1231,52,N,0,25,47,4,9,20,28,10,21,15,11,9,1,14,19,44,6,17,8,10,5,15,13,16,3,2,18
2003,139,1393,68,1329,56,N,0,26,57,5,12,11,18,5,33,16,17,11,9,19,22,63,3,19,9,19,11,27,16,22,8,4,19
2003,139,1400,77,1345,67,N,0,25,62,5,11,22,26,13,27,8,13,4,0,21,23,62,5,16,16,24,13,22,10,13,7,2,24
2003,143,1112,88,1323,71,N,0,36,76,7,14,9,11,14,30,19,10,12,5,17,25,59,10,23,11,18,9,27,15,19,6,4,16
2003,143,1242,69,1181,65,N,0,29,67,1,12,10,17,18,29,14,17,4,5,16,25,65,10,26,5,8,11,22,11,14,6,7,18
2003,143,1246,63,1458,57,N,0,24,49,1,5,14,24,12,21,9,14,10,4,17,19,45,8,21,11,16,7,19,9,15,7,1,20
2003,143,1266,77,1338,74,N,0,28,54,6,12,15,22,10,18,16,10,7,3,18,29,55,4,14,12,15,10,20,18,12,6,4,19
2003,144,1277,60,1268,58,N,0,22,56,6,17,10,12,11,26,10,18,8,3,20,20,54,2,16,16,18,9,24,8,15,12,4,15
2003,144,1328,65,1139,54,N,0,27,55,4,10,7,12,19,20,15,13,6,1,18,19,43,4,13,12,17,7,14,10,13,7,2,18
2003,144,1393,79,1120,78,N,0,29,66,5,14,16,21,15,21,14,10,9,7,17,27,63,10,22,14,17,14,26,15,17,5,5,19
2003,144,1400,82,1163,78,N,0,24,69,5,18,29,36,21,31,13,10,5,5,21,30,71,4,13,14,25,14,27,13,11,7,8,21
2003,145,1242,78,1112,75,N,0,29,67,8,26,12,18,15,22,16,15,13,5,20,23,55,10,22,19,23,11,26,16,19,8,2,17
2003,145,1266,83,1246,69,N,0,31,55,10,19,11,15,10,26,21,15,6,6,22,25,64,4,16,15,24,20,16,14,11,10,2,19
2003,146,1393,63,1328,47,N,0,25,48,2,12,11,19,12,28,16,24,13,2,13,18,58,5,28,6,11,14,14,10,19,13,4,16
2003,146,1400,85,1277,76,N,0,25,51,6,14,29,38,8,20,16,4,6,4,22,25,54,8,16,18,26,12,26,11,12,1,2,28
2003,152,1242,94,1266,61,N,0,38,71,8,19,10,17,19,33,22,12,8,5,15,23,74,3,16,12,18,21,18,7,11,7,3,17
2003,152,1393,95,1400,84,N,0,32,56,7,13,24,31,9,28,14,13,9,2,21,27,63,10,21,20,32,17,17,20,14,6,2,26
2003,154,1393,81,1242,78,N,0,30,63,11,18,10,17,11,25,13,17,10,7,22,31,71,4,20,12,30,26,26,18,18,9,4,16
2004,134,1197,72,1250,57,N,0,25,63,6,20,16,23,19,25,11,12,8,2,15,18,61,7,30,14,19,21,21,12,17,7,3,20
2004,136,1104,65,1356,64,N,0,24,53,7,16,10,16,11,24,7,12,7,2,7,24,59,12,22,4,5,10,20,15,10,4,1,14
2004,136,1163,70,1436,53,N,0,26,52,6,14,12,23,11,31,14,13,6,3,8,19,60,11,32,4,6,11,18,10,12,7,1,19
2004,136,1177,76,1173,69,N,2,24,59,5,13,23,40,11,38,13,11,4,3,19,27,79,3,20,12,23,18,32,11,10,5,3,29
2004,136,1181,96,1106,61,N,0,32,66,9,26,23,31,17,29,19,14,14,4,19,22,57,7,20,10,17,9,22,7,21,7,1,20
2004,136,1211,76,1434,49,N,0,29,54,3,13,15,25,10,36,19,15,6,5,14,18,63,6,23,7,11,10,21,8,13,6,0,20
2004,136,1264,75,1196,60,N,0,26,60,6,15,17,21,13,23,10,10,8,4,21,21,45,3,13,15,22,4,22,4,14,4,4,18
2004,136,1268,86,1431,83,N,0,29,59,8,18,20,31,16,21,17,14,7,6,20,29,56,5,17,20,24,9,20,13,14,2,2,25
2004,136,1305,72,1277,66,N,0,20,46,7,22,25,29,5,23,10,17,6,2,16,23,55,5,16,15,18,6,20,14,14,9,0,25
2004,136,1314,63,1102,52,N,0,22,53,4,13,15,18,14,21,12,13,10,1,15,17,39,8,25,10,13,2,19,15,16,7,2,15
2004,136,1371,80,1112,76,N,0,27,58,8,22,18,24,12,21,12,10,6,0,19,28,53,5,11,15,19,7,22,12,14,4,3,15
2004,136,1386,82,1251,63,N,0,27,60,8,23,20,28,10,26,16,14,15,3,17,22,51,6,20,13,18,7,29,15,26,7,1,22
2004,136,1390,71,1427,45,N,0,27,54,6,14,11,15,11,29,11,20,11,9,20,15,63,2,15,13,21,22,17,2,19,8,3,15
2004,136,1393,80,1140,75,N,0,24,46,11,16,21,28,5,18,12,7,2,4,15,26,55,10,26,13,19,15,21,19,9,2,1,23
2004,136,1400,66,1343,49,N,0,23,50,11,15,9,14,17,26,10,13,3,1,16,18,51,5,26,8,12,9,14,11,7,5,0,18
2004,136,1403,76,1150,73,N,0,29,59,4,11,14,18,14,22,17,16,7,2,16,25,58,6,24,17,21,13,20,14,14,11,4,20
2004,136,1448,79,1433,78,N,0,28,54,6,16,17,27,9,23,16,11,7,2,16,29,57,11,20,9,13,7,20,17,17,7,4,22
2004,137,1130,58,1428,51,N,0,23,44,3,4,9,11,4,21,20,8,4,3,13,19,50,3,18,10,10,9,17,12,8,2,0,12
2004,137,1153,80,1190,77,N,0,29,62,13,32,9,11,12,33,22,17,3,11,19,29,74,6,23,13,20,17,21,14,6,11,3,14
2004,137,1210,65,1320,60,N,0,25,55,6,18,9,12,8,29,10,12,4,3,14,21,54,10,27,8,10,3,25,15,10,2,1,16
2004,137,1228,72,1293,53,N,0,27,60,9,24,9,13,16,28,19,8,5,5,17,17,49,8,20,11,17,9,18,8,10,4,2,13
2004,137,1242,78,1227,53,N,0,24,39,5,12,25,40,6,35,18,25,6,8,19,20,64,3,16,10,14,11,15,10,15,9,0,25
2004,137,1246,96,1197,76,N,0,35,62,11,28,15,23,13,29,23,17,8,5,15,30,66,11,30,5,12,12,17,13,17,13,1,19
2004,137,1272,59,1376,43,N,0,23,59,9,27,4,7,14,22,16,9,3,4,15,15,42,2,13,11,16,4,21,9,12,5,4,14
2004,137,1280,85,1284,52,N,0,30,56,8,22,17,23,13,34,19,17,12,3,13,18,51,9,27,7,15,3,17,12,17,7,0,18
2004,137,1301,61,1418,52,N,0,18,49,5,17,20,24,13,24,10,15,5,0,20,16,49,5,22,15,23,11,21,9,15,9,2,21
2004,137,1329,75,1186,56,N,0,30,55,2,6,13,16,11,26,15,15,12,5,16,21,59,3,19,11,13,12,15,19,14,8,2,15
2004,137,1334,66,1344,58,N,0,24,50,6,14,12,18,7,22,17,12,7,1,11,23,61,6,26,6,6,15,21,12,15,4,2,18
2004,137,1338,53,1416,44,N,0,13,44,5,16,22,31,10,27,7,13,8,1,15,16,52,5,20,7,10,9,24,10,14,6,0,22
2004,137,1412,102,1449,100,N,0,30,65,9,26,33,44,11,26,23,12,8,2,26,35,64,6,20,24,34,10,31,19,16,6,5,30
2004,137,1435,71,1444,58,N,0,26,46,11,19,8,18,8,25,16,17,9,5,15,22,63,2,19,12,16,18,18,10,12,13,1,19
2004,137,1458,76,1350,64,N,0,25,51,8,18,18,24,11,18,14,9,7,3,11,25,54,7,16,7,13,13,16,17,14,8,3,19
2004,137,1462,80,1257,70,N,0,23,46,9,18,25,29,12,27,15,15,6,1,12,25,63,10,32,10,13,13,13,18,10,7,1,23
2004,138,1104,70,1390,67,N,0,16,43,4,19,34,44,5,24,8,8,6,8,16,26,73,7,24,8,11,22,27,12,12,2,0,31
2004,138,1163,72,1177,55,N,0,26,60,5,16,15,23,13,31,15,5,5,5,15,20,59,5,15,10,13,9,26,12,8,1,0,20
2004,138,1181,90,1371,62,N,0,26,48,4,11,34,38,11,29,16,10,3,3,18,24,57,3,17,11,16,8,14,11,10,4,0,27
2004,138,1305,91,1211,72,N,0,30,64,8,17,23,29,14,29,18,8,4,4,18,28,75,3,22,13,18,19,20,9,10,4,1,23
2004,138,1386,70,1403,65,N,0,27,57,12,31,4,5,11,20,13,13,4,0,16,25,53,3,12,12,14,9,20,16,9,7,2,11
2004,138,1393,72,1268,70,N,0,22,55,4,12,24,38,12,26,11,12,7,5,25,20,52,3,12,27,38,12,28,13,17,5,6,26
2004,138,1400,78,1314,75,N,0,27,55,5,13,19,23,9,26,10,11,6,1,19,25,65,9,28,16,19,16,20,14,11,6,1,21
2004,138,1448,84,1264,80,N,0,29,57,8,20,18,24,8,29,15,10,5,2,18,29,63,7,20,15,20,8,24,15,8,5,3,23
2004,139,1210,57,1130,54,N,0,23,51,6,18,5,6,8,16,15,17,12,1,17,20,44,5,13,9,15,11,19,14,22,11,2,14
2004,139,1228,92,1153,68,N,0,35,55,11,19,11,14,2,19,26,4,9,1,14,27,58,7,16,7,11,14,20,14,13,1,5,14
2004,139,1242,78,1334,63,N,0,29,60,5,15,15,21,15,25,17,13,11,3,15,23,54,6,20,11,15,9,18,19,14,6,1,18
2004,139,1329,70,1272,53,N,0,28,47,5,12,9,17,14,20,18,17,8,1,16,20,50,6,17,7,14,11,11,9,12,6,3,15
2004,139,1338,59,1458,55,N,0,21,59,2,10,15,19,15,25,10,9,7,3,17,17,48,8,18,13,17,7,24,9,13,4,3,20
2004,139,1412,76,1246,75,N,0,30,67,8,18,8,13,18,15,19,12,9,1,19,27,61,7,20,14,18,20,21,13,16,4,4,16
2004,139,1435,75,1301,73,N,0,23,49,10,25,19,21,10,17,15,8,4,2,13,27,57,13,31,6,8,13,18,13,6,1,1,20
2004,139,1462,89,1280,74,N,0,30,55,13,19,16,23,6,32,14,13,3,9,14,26,72,9,26,13,21,18,22,14,8,11,3,21
2004,143,1104,80,1393,71,N,0,26,52,9,22,19,23,10,17,22,9,11,6,17,26,55,5,14,14,20,16,19,12,18,5,4,20
2004,143,1163,73,1435,53,N,0,27,51,6,17,13,15,11,33,14,18,6,4,10,20,57,8,24,5,8,6,15,11,11,8,0,14
2004,143,1329,63,1338,51,N,0,22,45,4,8,15,16,6,24,13,10,6,5,16,21,58,3,17,6,10,16,17,8,12,5,1,18
2004,143,1386,84,1448,80,N,0,29,58,12,24,14,23,10,20,15,11,8,4,21,27,51,8,16,18,25,7,21,15,15,6,0,22
2004,144,1181,72,1228,62,N,0,28,51,6,18,10,15,5,24,19,13,10,5,14,26,64,4,13,6,11,14,22,17,12,5,2,15
2004,144,1210,72,1305,67,N,0,27,63,6,18,12,22,13,36,10,16,9,5,22,22,69,5,20,18,24,16,29,5,11,4,3,22
2004,144,1242,100,1412,74,N,0,30,56,4,10,36,44,10,35,21,17,9,3,19,23,71,8,33,20,24,14,19,12,12,13,4,27
2004,144,1462,79,1400,71,N,0,23,58,8,25,25,35,16,23,13,7,6,3,20,26,62,7,16,12,17,14,21,12,8,1,6,25
2004,145,1163,87,1104,71,N,0,29,60,10,17,19,29,15,25,17,7,3,7,18,25,60,6,19,15,18,12,21,14,9,2,5,23
2004,145,1329,64,1386,62,N,0,25,53,4,17,10,15,12,30,13,13,2,6,16,22,57,8,26,10,13,6,18,15,5,8,3,14
2004,146,1181,66,1462,63,N,0,21,54,8,20,16,20,10,29,15,11,6,7,23,22,63,3,15,16,23,16,24,8,10,5,0,21
2004,146,1210,79,1242,71,N,1,25,56,3,16,26,34,11,30,14,12,13,3,17,26,65,6,19,13,19,12,26,15,15,8,3,26
2004,152,1163,79,1181,78,N,0,26,52,6,11,21,32,13,31,9,18,5,6,20,29,71,6,22,14,23,17,20,11,9,8,3,24
2004,152,1210,67,1329,65,N,0,24,49,7,17,12,16,7,22,16,12,7,4,19,22,50,4,15,17,25,12,21,10,13,3,0,15
2004,154,1163,82,1210,73,N,0,26,61,5,17,25,39,18,32,10,16,5,2,18,27,71,7,22,12,21,18,25,9,14,10,1,26
2005,134,1324,79,1105,69,N,0,29,57,7,15,14,20,14,29,14,17,2,2,14,23,59,10,28,13,18,10,19,16,14,6,3,17
2005,136,1112,66,1429,53,N,0,23,49,6,14,14,18,9,24,9,11,3,6,12,20,55,7,19,6,10,12,20,15,12,6,3,16
2005,136,1130,85,1335,65,N,0,30,52,8,12,17,25,8,33,24,19,8,6,14,25,71,10,30,5,10,16,18,17,17,11,2,19
2005,136,1153,76,1234,64,N,0,27,57,9,18,13,22,9,27,18,8,5,8,19,20,59,5,17,19,25,16,27,5,11,6,1,20
2005,136,1211,74,1457,64,N,0,27,59,5,16,15,22,11,29,13,10,5,5,14,22,60,10,26,10,12,10,26,16,13,4,0,19
2005,136,1228,67,1192,55,N,0,23,54,6,21,15,21,8,22,16,8,8,2,13,23,57,4,16,5,11,15,27,11,17,6,3,19
2005,136,1246,72,1184,64,N,0,26,51,2,11,18,26,9,22,11,14,9,4,11,26,59,6,18,6,11,13,22,14,17,5,1,20
2005,136,1305,61,1400,57,N,0,23,62,3,14,12,18,16,33,11,8,4,7,14,24,68,5,10,4,6,13,27,2,5,5,6,16
2005,136,1328,84,1310,67,N,0,34,74,3,13,13,15,14,34,16,14,9,3,14,24,68,6,28,13,15,11,26,12,16,8,2,16
2005,136,1334,79,1338,71,N,0,26,55,10,20,17,23,10,25,15,12,2,1,18,25,59,8,23,13,18,10,20,10,10,7,3,20
2005,136,1403,78,1417,66,N,0,32,52,3,7,11,16,4,28,21,14,7,2,14,26,60,6,20,8,15,9,18,16,13,5,2,15
2005,136,1412,82,1261,68,N,0,27,59,7,16,21,36,11,24,15,15,8,2,23,23,64,6,31,16,22,16,26,10,21,6,5,26
2005,136,1428,60,1431,54,N,0,21,49,6,24,12,20,15,25,15,18,7,4,13,22,53,2,9,8,9,5,17,13,10,6,1,20
2005,136,1448,70,1151,54,N,0,24,58,8,28,14,21,15,22,16,15,10,2,12,21,52,6,20,6,9,11,24,12,22,5,1,19
2005,136,1449,88,1285,77,N,0,32,58,9,19,15,22,9,23,19,16,9,1,14,33,65,9,20,2,8,12,21,15,18,5,0,16
2005,136,1452,63,1166,61,N,0,22,46,8,20,11,13,8,21,19,16,12,4,15,21,50,8,20,11,13,10,17,12,17,8,3,16
2005,136,1454,83,1104,73,N,0,26,50,12,21,19,28,8,14,20,7,6,1,18,26,50,9,23,12,16,12,22,17,19,3,3,20
2005,137,1137,64,1242,63,N,0,22,55,8,31,12,16,9,21,17,9,10,1,21,20,46,1,11,22,27,8,26,14,13,5,3,15
2005,137,1163,77,1416,71,N,0,29,58,3,6,16,25,14,29,17,13,7,6,13,21,61,11,28,18,21,12,17,16,10,10,6,21
2005,137,1181,57,1175,46,N,0,16,39,6,20,19,29,5,27,9,8,5,6,15,19,52,5,15,3,6,9,21,10,11,3,1,23
2005,137,1196,67,1325,62,N,0,21,54,7,23,18,19,11,21,15,16,11,8,21,18,46,9,18,17,26,10,23,8,20,8,5,21
2005,137,1210,80,1203,68,N,0,28,56,7,16,17,22,10,32,11,17,10,3,22,29,65,6,16,4,16,12,22,19,14,9,4,20
2005,137,1235,64,1278,53,N,0,25,57,2,8,12,19,15,24,11,13,12,8,17,21,63,5,23,6,10,20,21,8,17,9,1,18
2005,137,1257,68,1418,62,N,0,22,57,6,22,18,27,16,20,12,11,5,2,19,24,53,4,12,10,18,13,24,14,18,7,0,21
2005,137,1277,89,1330,81,N,0,29,51,3,14,28,36,5,25,11,13,9,1,22,26,61,7,20,22,26,10,20,13,15,9,1,29
2005,137,1280,93,1390,70,N,0,32,57,9,17,20,26,10,29,13,9,3,6,19,24,63,4,18,18,25,12,18,9,5,6,3,19
2005,137,1301,75,1150,63,N,0,26,59,4,19,19,22,11,22,14,16,14,8,10,23,58,8,21,9,14,12,24,11,20,8,2,18
2005,137,1314,96,1324,68,N,0,37,58,12,19,10,19,15,24,27,15,9,3,13,25,58,6,15,12,18,11,11,12,10,9,0,16
2005,137,1329,63,1368,50,N,0,18,37,4,7,23,29,8,22,13,17,11,1,13,20,45,3,10,7,10,5,14,10,17,12,2,22
2005,137,1356,65,1388,56,N,0,25,61,4,12,11,14,12,21,12,10,8,2,22,17,51,4,20,18,22,16,26,3,20,2,2,17
2005,137,1436,60,1393,57,N,1,22,59,7,21,9,11,13,17,14,16,10,0,12,23,55,3,12,8,9,14,23,8,24,9,3,12
2005,137,1437,55,1307,47,N,0,15,53,8,29,17,24,18,29,9,20,12,4,15,17,57,4,25,9,12,12,23,6,17,9,4,20
2005,137,1458,57,1320,52,N,0,20,48,11,26,6,10,5,25,14,8,3,2,13,22,53,4,17,4,8,8,27,8,8,4,2,15
2005,138,1112,85,1412,63,N,0,30,57,7,22,18,23,11,28,16,16,7,7,14,21,64,6,30,15,18,15,17,15,14,9,2,22
2005,138,1228,71,1305,59,N,0,26,49,2,12,17,20,6,26,18,16,9,3,18,20,54,3,9,16,25,12,20,10,14,10,1,17
2005,138,1246,69,1153,60,N,0,25,49,7,12,12,18,7,29,16,15,7,5,17,20,61,7,26,13,19,16,21,10,10,4,4,19
2005,138,1403,71,1211,69,N,0,29,59,4,11,9,16,8,24,18,7,7,1,14,29,62,2,13,9,18,17,27,14,13,2,1,17
2005,138,1428,67,1328,58,N,0,22,37,5,8,18,28,9,30,15,20,2,2,19,21,66,2,19,14,19,19,14,3,7,8,3,24
2005,138,1449,97,1334,79,N,0,36,64,9,23,16,19,12,23,17,7,2,3,20,30,67,8,24,11,17,17,14,13,8,4,1,18
2005,138,1452,111,1448,105,N,2,37,70,7,21,30,39,10,25,20,11,5,5,26,36,71,9,23,24,36,17,29,23,18,7,3,28
2005,138,1454,83,1130,75,N,0,26,55,11,24,20,22,10,16,17,16,11,5,26,23,50,4,11,25,35,15,21,16,22,6,2,22
2005,139,1181,63,1280,55,N,0,19,50,8,21,17,21,13,30,8,16,8,6,22,20,62,4,13,11,21,18,21,9,10,7,5,19
2005,139,1257,76,1210,54,N,0,22,42,10,21,22,28,9,28,10,11,1,7,15,20,53,6,16,8,10,7,15,11,7,7,0,21
2005,139,1277,72,1436,61,N,0,27,56,2,12,16,22,12,27,12,9,4,4,16,22,70,7,22,10,14,23,18,5,9,4,0,19
2005,139,1301,65,1163,62,N,0,20,50,10,20,15,17,7,19,13,13,10,4,18,22,52,2,14,16,18,9,22,9,14,3,4,16
2005,139,1314,92,1235,65,N,0,31,65,8,25,22,37,15,35,20,13,14,4,18,27,76,4,13,7,17,20,27,20,17,8,2,23
2005,139,1329,85,1356,77,N,0,25,46,6,12,29,33,8,22,18,14,3,0,23,23,56,6,19,25,30,12,16,14,11,8,0,28
2005,139,1437,76,1196,65,N,0,24,58,3,11,25,35,17,27,10,14,11,4,23,20,52,7,18,18,25,10,24,9,19,6,4,30
2005,139,1458,71,1137,62,N,0,21,46,7,17,22,29,8,22,14,7,5,1,12,23,50,5,15,11,14,7,22,13,10,4,2,24
2005,143,1112,79,1329,78,N,0,31,47,7,14,10,17,8,23,17,14,3,5,17,29,66,10,23,10,13,16,11,17,8,10,0,17
2005,143,1228,77,1454,63,N,0,28,57,9,20,12,15,8,25,20,9,7,2,20,22,57,7,29,12,18,13,22,12,12,4,3,12
2005,143,1257,93,1449,79,N,0,31,56,11,26,20,28,10,34,17,17,8,4,18,28,67,6,25,17,28,13,20,15,11,9,0,25
2005,143,1452,65,1403,60,N,0,24,51,9,22,8,13,11,20,14,18,5,3,15,24,56,1,8,11,16,15,19,10,16,11,1,15
2005,144,1246,62,1428,52,N,0,24,39,4,13,10,19,4,21,10,14,6,2,25,17,41,4,10,14,28,9,16,10,12,5,0,20
2005,144,1277,78,1181,68,N,0,27,65,5,14,19,23,16,22,12,16,13,0,22,22,51,7,23,17,24,9,24,8,22,11,2,22
2005,144,1314,67,1437,66,N,0,20,48,8,19,19,24,12,30,11,17,3,3,24,23,61,8,28,12,19,14,19,7,9,5,5,21
2005,144,1458,65,1301,56,N,0,21,42,4,10,19,25,4,31,7,18,2,0,14,19,50,9,22,9,13,2,19,12,13,10,5,25
2005,145,1228,90,1112,89,N,1,32,71,16,35,10,15,14,18,21,13,12,2,18,32,61,7,18,18,21,12,25,21,17,11,8,10
2005,145,1257,93,1452,85,N,1,32,58,11,28,18,29,15,19,19,11,8,4,18,26,47,18,27,15,19,4,15,23,14,5,2,19
2005,146,1277,94,1246,88,N,2,30,64,10,19,24,30,17,23,15,13,6,3,20,31,69,9,19,17,23,16,21,14,11,7,3,25
2005,146,1314,88,1458,82,N,0,34,64,5,16,15,18,12,21,19,9,5,5,15,30,61,11,24,11,13,10,19,17,12,5,0,17
2005,152,1228,72,1257,57,N,0,27,56,12,30,6,8,10,28,21,7,4,0,12,21,54,6,20,9,12,7,19,10,5,5,4,13
2005,152,1314,87,1277,71,N,0,35,71,6,20,11,17,13,38,18,13,5,6,17,25,74,7,23,14,18,15,27,15,12,10,4,19
2005,154,1314,75,1228,70,N,0,27,52,9,16,12,19,8,26,12,10,4,2,13,27,70,12,40,4,6,17,22,18,8,8,1,18
2006,134,1284,71,1214,49,N,0,27,61,10,26,7,9,7,31,21,9,2,10,11,19,63,4,15,7,13,15,27,7,13,4,4,11
2006,136,1104,90,1266,85,N,0,28,55,12,23,22,31,16,16,15,14,4,3,17,32,61,7,22,14,19,13,15,13,12,9,4,22
2006,136,1130,88,1334,76,N,2,29,57,6,23,24,29,7,23,22,8,12,2,16,26,63,10,25,14,18,14,23,18,15,4,2,22
2006,136,1181,70,1380,54,N,0,24,49,5,15,17,20,9,26,15,20,9,8,11,22,62,4,13,6,10,16,16,8,16,14,4,20
2006,136,1196,76,1375,50,N,0,29,59,10,25,8,10,8,31,21,11,8,7,9,19,55,9,20,3,6,7,24,8,16,7,3,17
2006,136,1203,88,1423,85,N,1,31,66,10,22,16,22,15,19,16,10,6,1,20,32,54,11,22,10,18,8,25,20,15,2,1,22
2006,136,1211,79,1462,75,N,0,26,50,6,12,21,27,8,25,11,10,4,4,25,21,51,10,28,23,33,10,21,14,8,4,1,20
2006,136,1228,78,1102,69,N,0,29,50,8,22,12,14,7,21,17,11,6,1,17,21,41,13,27,14,18,1,14,15,11,7,1,13
2006,136,1231,87,1361,83,N,0,35,71,8,26,9,16,15,16,14,9,11,0,16,31,55,10,18,11,15,10,26,15,16,7,2,19
2006,136,1261,80,1233,64,N,0,27,51,5,10,21,27,9,30,16,18,8,11,17,23,61,3,18,15,25,13,16,6,15,10,3,19
2006,136,1285,87,1305,79,N,0,29,56,6,12,23,27,10,22,18,8,2,2,12,33,70,5,18,8,10,17,19,15,9,5,7,23
2006,136,1397,63,1457,61,N,0,24,53,5,21,10,14,11,22,12,13,6,6,15,22,56,7,24,10,17,15,20,14,15,7,3,15
2006,136,1401,66,1393,58,N,0,20,56,7,20,19,22,14,24,14,10,8,5,19,20,51,4,19,14,21,11,24,12,12,6,2,16
2006,136,1417,78,1125,44,N,0,30,56,4,13,14,17,9,36,20,14,11,4,14,17,59,4,19,6,13,9,18,9,14,8,3,16
2006,136,1449,75,1429,61,N,0,28,59,12,27,7,8,5,17,16,7,11,1,14,25,51,3,13,8,10,9,26,14,22,3,2,14
2006,136,1454,82,1328,74,N,0,25,55,6,20,26,32,10,22,13,12,8,1,15,32,61,5,14,5,8,10,25,18,18,8,4,25
2006,136,1455,86,1371,66,N,0,27,57,10,22,22,32,14,30,19,15,6,3,20,21,61,6,20,18,19,11,25,10,13,10,6,24
2006,137,1112,94,1458,75,N,0,35,59,5,10,19,23,11,25,19,9,9,6,19,25,58,10,20,15,22,12,15,19,10,4,3,17
2006,137,1133,77,1242,73,N,0,23,52,11,21,20,32,11,24,17,16,6,1,17,26,58,7,18,14,19,11,25,11,18,12,1,25
2006,137,1137,59,1116,55,N,0,17,44,11,21,14,18,8,21,10,14,10,2,17,19,47,2,12,15,24,12,20,13,13,4,4,15
2006,137,1163,72,1107,59,N,0,27,46,8,16,10,13,7,21,17,16,6,5,9,24,52,4,15,7,8,8,14,12,12,11,1,14
2006,137,1206,75,1277,65,N,0,29,49,5,12,12,26,10,30,7,14,4,6,10,26,60,10,26,3,5,6,18,17,10,2,2,23
2006,137,1207,54,1320,49,N,0,20,46,5,19,9,14,8,24,15,9,4,4,12,17,48,7,26,8,12,9,22,10,8,4,3,15
2006,137,1246,69,1412,64,N,0,19,61,5,25,26,30,20,27,12,8,2,3,16,25,58,5,24,9,17,13,25,17,10,5,7,20
2006,137,1272,94,1331,78,N,0,37,61,11,22,9,16,12,21,16,13,10,2,21,28,53,7,15,15,20,7,17,14,13,4,4,17
2006,137,1301,58,1143,52,N,0,21,42,5,16,11,17,7,18,10,11,5,1,15,20,47,5,16,7,10,9,17,9,13,7,1,18
2006,137,1314,69,1293,65,N,0,22,48,5,18,20,25,12,25,15,17,10,3,12,25,65,7,27,8,12,17,16,5,13,9,2,19
2006,137,1322,64,1234,63,N,0,23,60,9,23,9,14,14,17,17,11,9,4,21,18,41,6,18,21,26,9,27,10,19,4,5,17
2006,137,1326,70,1172,62,N,0,26,65,5,22,13,23,15,28,10,4,2,4,13,26,68,5,22,5,7,14,30,13,9,1,3,20
2006,137,1338,79,1245,64,N,0,31,46,6,14,11,15,4,24,18,12,4,7,13,23,59,9,22,9,13,14,15,12,10,6,1,19
2006,137,1400,60,1335,52,N,0,18,45,2,10,22,26,14,28,7,11,4,6,14,17,53,10,27,8,13,11,10,10,8,4,1,20
2006,137,1437,58,1284,45,N,0,16,52,7,25,19,23,15,25,7,13,13,1,17,14,41,4,17,13,17,6,25,12,18,7,3,17
2006,137,1452,64,1356,46,N,0,22,50,11,32,9,11,9,22,15,11,8,3,10,20,47,4,13,2,4,6,20,12,15,7,2,14
2006,138,1130,69,1285,56,N,0,27,63,8,17,7,9,15,29,16,8,2,9,11,20,55,7,20,9,11,6,23,19,7,3,3,13
2006,138,1181,74,1203,61,N,0,21,44,6,16,26,37,9,30,12,18,4,10,15,21,68,5,18,14,19,19,20,10,14,8,3,29
2006,138,1196,82,1454,60,N,0,30,56,8,20,14,19,10,31,17,10,6,7,19,22,61,7,20,9,17,14,19,10,11,6,3,18
2006,138,1211,90,1231,80,N,0,28,61,2,11,32,41,14,27,13,7,9,2,14,31,69,16,36,2,6,14,24,18,13,2,3,29
2006,138,1261,58,1401,57,N,0,19,54,2,12,18,23,12,23,5,13,4,6,12,22,53,6,13,7,12,10,26,9,17,7,3,22
2006,138,1417,62,1104,59,N,0,24,47,9,25,5,13,7,14,17,11,5,4,20,19,39,2,11,19,25,10,20,10,15,7,3,15
2006,138,1449,67,1228,64,N,0,17,45,5,15,28,39,8,27,8,11,5,5,17,25,63,5,18,9,11,10,25,15,12,4,0,28
2006,138,1455,80,1397,73,N,0,24,48,9,15,23,29,9,25,16,13,3,2,12,27,67,10,29,9,13,18,20,15,10,9,7,20
2006,139,1133,72,1338,66,N,0,22,59,2,6,26,32,16,24,14,8,8,2,16,25,61,6,20,10,11,12,26,11,14,2,2,23
2006,139,1163,87,1246,83,N,0,31,62,4,13,21,30,13,22,16,12,7,1,16,29,62,8,24,17,18,11,23,15,14,7,1,21
2006,139,1206,65,1314,60,N,0,23,58,4,16,15,19,11,27,14,8,7,2,8,23,64,10,30,4,4,13,27,16,13,3,10,15
2006,139,1207,70,1326,52,N,0,27,58,6,14,10,12,12,25,18,8,6,5,10,19,47,5,16,9,9,3,21,10,11,4,4,14
2006,139,1272,72,1137,56,N,0,23,48,7,16,19,26,7,18,15,9,10,2,20,15,41,2,12,24,29,11,22,8,19,4,0,20
2006,139,1400,75,1301,54,N,0,26,56,8,19,15,19,9,29,17,10,8,3,14,22,56,3,22,7,12,6,22,10,13,7,3,17
2006,139,1437,82,1112,78,N,0,28,52,9,19,17,20,12,19,13,13,6,4,19,28,65,5,17,17,20,20,14,15,10,7,2,19
2006,139,1452,67,1322,54,N,0,18,46,7,22,24,33,8,20,11,14,13,2,15,21,55,6,20,6,11,17,24,13,24,7,3,24
2006,143,1261,62,1181,54,N,0,24,61,2,7,12,23,16,29,14,15,7,9,16,18,65,5,26,13,16,17,27,12,16,9,5,18
2006,143,1272,80,1133,64,N,0,31,60,6,15,12,18,11,30,11,13,10,7,18,20,60,5,16,19,27,14,21,6,17,4,3,18
2006,143,1400,74,1452,71,N,0,28,58,4,19,14,20,17,28,19,13,8,1,12,25,55,15,33,6,8,3,13,19,8,3,1,14
2006,143,1417,73,1211,71,N,0,23,57,6,21,21,30,12,20,12,10,5,4,22,24,51,3,10,20,26,11,26,14,17,3,4,22
2006,144,1163,98,1449,92,N,1,27,51,10,19,34,47,10,32,15,26,7,5,20,34,80,6,20,18,23,17,21,9,17,19,3,33
2006,144,1196,57,1207,53,N,0,19,45,5,13,14,17,9,22,7,12,4,8,14,21,54,5,21,6,8,13,19,15,12,8,4,16
2006,144,1206,63,1455,55,N,0,20,44,8,16,15,23,2,30,12,9,5,5,16,20,64,3,24,12,17,17,26,8,9,4,1,21
2006,144,1437,60,1130,59,N,1,21,60,4,19,14,20,15,21,9,11,11,2,21,23,49,5,19,8,17,11,28,18,21,5,6,21
2006,145,1261,70,1400,60,N,1,28,66,3,18,11,16,9,33,18,10,8,7,13,21,69,10,29,8,11,14,31,14,12,7,7,16
2006,145,1417,50,1272,45,N,0,14,40,2,8,20,39,13,23,7,17,4,2,14,17,54,2,17,9,15,16,25,5,18,8,1,29
2006,146,1196,75,1437,62,N,0,22,54,4,17,27,31,19,34,14,16,2,8,22,18,73,4,23,22,27,26,14,8,6,6,6,24
2006,146,1206,86,1163,84,N,1,30,60,9,18,17,25,15,22,13,11,6,2,17,31,66,7,22,15,19,14,20,15,9,6,7,20
2006,152,1196,73,1206,58,N,0,23,53,12,25,15,19,16,24,8,15,5,4,12,23,56,2,11,10,14,11,16,6,11,8,2,15
2006,152,1417,59,1261,45,N,0,21,51,5,18,12,17,15,27,10,17,10,5,24,16,50,0,6,13,28,14,19,4,15,9,7,18
2006,154,1196,73,1417,57,N,0,26,58,6,19,15,20,9,26,21,6,7,10,13,22,61,3,17,10,14,14,26,11,12,3,1,22
2007,134,1310,77,1197,69,N,0,24,62,8,27,21,28,17,25,10,11,5,2,17,29,64,4,17,7,18,15,27,13,13,6,3,26
2007,136,1130,84,1403,75,N,0,30,57,8,20,16,20,11,24,16,8,3,9,10,30,65,7,17,8,9,11,16,11,6,4,0,15
2007,136,1139,57,1330,46,N,0,19,46,9,24,10,16,9,26,11,11,6,3,15,18,55,4,20,6,7,12,22,4,11,8,4,21
2007,136,1207,80,1125,55,N,0,29,53,7,16,15,20,12,27,17,12,9,4,16,20,56,6,26,9,17,15,15,10,12,6,1,16
2007,136,1231,70,1211,57,N,0,23,58,9,25,15,16,12,33,15,13,3,2,14,19,56,7,19,12,16,6,24,14,10,6,5,17
2007,136,1257,78,1390,58,N,0,25,51,7,17,21,28,8,18,12,13,11,1,25,21,51,3,12,13,27,17,20,10,21,2,1,22
2007,136,1268,82,1172,70,N,0,31,68,6,17,14,19,19,35,19,22,8,4,15,24,70,10,37,12,14,13,22,17,17,13,2,17
2007,136,1277,61,1266,49,N,0,22,41,4,10,13,15,4,24,17,15,6,3,18,15,47,10,29,9,15,12,17,7,15,6,4,19
2007,136,1314,86,1184,65,N,0,37,57,6,13,6,11,11,27,24,22,7,6,8,28,59,6,22,3,6,6,10,14,16,12,1,13
2007,136,1326,78,1148,57,N,0,28,54,11,20,11,18,9,26,14,10,5,2,5,19,53,10,26,9,10,6,21,8,12,4,3,12
2007,136,1338,79,1460,58,N,0,30,55,10,21,9,14,8,36,21,17,3,7,12,23,69,5,20,7,12,13,17,12,8,9,1,15
2007,136,1401,68,1335,52,N,0,24,51,5,13,15,27,11,29,10,8,4,5,13,21,58,4,20,6,8,8,19,8,10,2,1,19
2007,136,1417,70,1451,42,N,0,27,58,10,19,6,9,13,22,18,13,6,5,18,13,38,1,6,15,22,6,19,8,17,5,3,13
2007,136,1433,79,1181,77,N,0,26,61,9,16,18,24,14,17,14,11,13,1,26,27,58,3,11,20,32,18,24,11,17,5,6,19
2007,136,1435,77,1203,44,N,0,26,61,12,31,13,16,15,26,22,11,6,3,22,13,48,3,14,15,25,14,22,6,20,3,5,16
2007,136,1450,70,1331,54,N,0,27,57,5,13,11,12,11,25,12,6,3,8,16,19,53,6,21,10,16,14,20,11,12,3,4,13
2007,136,1462,79,1140,77,N,0,24,56,8,17,23,29,13,24,12,10,3,4,19,29,67,9,19,10,13,15,21,10,10,2,2,23
2007,137,1196,112,1238,69,N,0,43,73,10,28,16,27,24,38,27,12,5,6,13,25,69,6,22,13,14,7,12,10,8,8,1,20
2007,137,1242,107,1310,67,N,0,40,74,13,22,14,26,13,37,29,12,14,7,26,21,66,2,19,23,34,16,27,9,21,12,1,17
2007,137,1246,67,1437,58,N,0,20,44,5,19,22,31,10,27,12,11,5,5,18,18,55,7,21,15,20,10,20,8,8,5,2,22
2007,137,1272,73,1317,58,N,0,25,62,4,16,19,27,20,25,12,16,6,8,19,19,53,4,10,16,22,11,23,12,19,6,5,25
2007,137,1305,77,1166,71,N,1,28,62,7,20,14,17,15,33,16,19,2,9,16,30,71,3,19,8,12,11,20,12,6,10,1,17
2007,137,1332,58,1275,56,N,0,19,44,5,16,15,17,4,20,10,5,3,1,12,21,44,7,20,7,10,3,21,10,7,1,4,15
2007,137,1345,72,1112,63,N,0,24,63,5,17,19,29,19,20,10,8,12,1,18,21,51,4,15,17,18,9,23,16,17,6,6,23
2007,137,1356,61,1221,51,N,0,18,41,2,12,23,30,9,19,11,18,9,3,21,14,42,1,11,22,31,11,19,10,20,9,0,23
2007,137,1397,121,1253,86,N,0,43,73,14,27,21,30,16,27,25,6,11,4,20,32,65,12,21,10,14,9,19,11,13,2,3,23
2007,137,1400,79,1308,67,N,0,25,51,4,16,25,26,9,21,11,15,8,4,14,25,62,7,25,10,12,16,18,14,17,5,0,22
2007,137,1424,67,1210,63,N,0,19,60,8,30,21,27,24,20,15,9,5,5,20,25,61,3,11,10,17,21,20,11,11,6,4,23
2007,137,1425,77,1116,60,N,0,25,50,4,13,23,25,9,30,10,12,8,5,18,21,57,3,20,15,20,10,16,5,11,5,3,20
2007,137,1438,84,1107,57,N,0,30,56,9,17,15,18,15,26,16,8,3,5,14,22,58,8,26,5,7,12,13,16,9,2,4,19
2007,137,1439,54,1228,52,N,0,15,42,6,14,18,28,4,18,11,9,11,4,12,19,45,6,17,8,15,9,28,12,21,3,1,22
2007,137,1457,74,1323,64,N,0,28,62,8,21,10,19,10,33,20,13,5,6,16,28,67,4,22,4,13,12,29,10,13,10,2,22
2007,137,1458,76,1394,63,N,0,22,55,7,20,25,30,11,23,13,10,8,4,21,20,46,6,12,17,25,7,27,16,17,5,5,26
2007,138,1139,62,1268,59,N,0,23,52,12,26,4,6,8,15,14,12,10,0,15,23,49,6,11,7,15,14,23,13,17,4,8,13
2007,138,1207,62,1130,55,N,0,22,52,4,16,14,19,17,21,12,10,6,7,14,21,55,6,21,7,11,16,17,9,9,6,3,17
2007,138,1314,81,1277,67,N,0,25,52,6,16,25,34,14,26,12,10,6,3,17,22,59,8,20,15,17,11,18,15,10,5,0,27
2007,138,1326,78,1462,71,N,1,26,63,9,21,17,20,12,33,10,14,5,6,19,26,61,8,23,11,16,5,23,13,9,4,2,21
2007,138,1338,84,1433,79,N,1,31,57,6,12,16,27,14,28,20,16,5,6,17,29,71,7,23,14,17,15,19,13,7,9,3,22
2007,138,1401,72,1257,69,N,0,19,41,5,8,29,39,6,19,9,11,6,1,23,20,45,5,18,24,31,8,22,5,14,3,7,28
2007,138,1417,54,1231,49,N,0,17,47,2,9,18,24,9,29,10,10,6,2,19,17,52,5,16,10,21,13,25,8,12,4,4,19
2007,138,1435,78,1450,74,N,2,27,63,10,27,14,18,11,28,13,17,12,2,17,27,60,7,19,13,17,9,27,16,19,10,4,16
2007,139,1196,74,1345,67,N,0,21,42,5,18,27,31,7,24,11,15,7,4,14,28,59,5,17,6,13,11,17,15,12,12,1,23
2007,139,1242,88,1246,76,N,0,30,53,10,16,18,23,9,21,19,11,7,5,21,24,58,10,26,18,23,15,17,17,12,5,2,22
2007,139,1272,78,1305,62,N,0,23,59,6,17,26,34,16,24,10,10,7,5,16,21,57,5,21,15,17,10,20,16,14,5,5,22
2007,139,1332,75,1457,61,N,0,27,56,11,23,10,12,10,21,8,10,4,0,13,24,61,8,31,5,8,18,20,13,15,4,3,14
2007,139,1356,63,1439,48,N,0,19,43,12,21,13,23,6,24,11,9,5,3,19,19,46,2,13,8,16,5,24,3,11,3,2,21
2007,139,1397,77,1438,74,N,0,22,54,11,26,22,32,12,27,12,16,7,0,25,18,48,7,26,31,36,6,23,5,12,5,5,26
2007,139,1424,74,1458,68,N,0,24,52,10,20,16,20,6,27,12,9,3,2,22,21,51,5,21,21,27,7,24,14,8,6,1,21
2007,139,1425,87,1400,68,N,0,27,59,6,16,27,38,13,30,13,10,6,2,16,24,64,7,28,13,16,11,24,10,14,3,3,27
2007,143,1242,61,1356,58,N,0,25,42,1,6,10,19,6,20,16,19,9,1,16,21,57,6,25,10,14,17,14,9,15,6,2,21
2007,143,1272,65,1401,64,N,0,23,54,5,17,14,21,11,20,8,8,2,6,15,28,59,3,10,5,10,12,24,14,8,4,0,20
2007,143,1326,85,1397,84,N,0,27,51,8,22,23,35,8,25,13,8,3,5,17,30,62,16,31,8,17,10,24,14,7,4,1,24
2007,143,1417,64,1338,55,N,0,18,42,5,13,23,26,6,27,10,14,1,2,18,20,55,7,16,8,14,8,19,13,10,5,2,23
2007,144,1196,65,1139,57,N,0,17,34,8,19,23,28,6,21,9,13,1,6,16,20,50,7,19,10,13,11,14,8,9,7,0,25
2007,144,1207,66,1435,65,N,0,25,56,8,19,8,14,16,24,14,11,3,3,18,21,51,9,27,14,20,8,18,17,5,5,4,16
2007,144,1314,74,1425,64,N,0,30,77,2,14,12,17,20,26,11,9,6,4,14,26,61,5,18,7,9,10,29,13,18,5,7,19
2007,144,1332,76,1424,72,N,0,23,48,13,23,17,22,7,30,11,17,4,3,20,28,74,9,33,7,12,19,19,13,8,8,3,21
2007,145,1326,92,1272,76,N,0,26,51,5,17,35,41,9,25,9,8,8,2,15,26,65,10,22,14,20,15,20,10,11,5,3,29
2007,145,1417,68,1242,55,N,0,24,45,8,17,12,18,10,21,12,25,15,3,14,23,56,4,8,5,11,14,14,17,21,17,6,19
2007,146,1196,85,1332,77,N,0,23,48,11,24,28,43,15,24,10,18,5,5,14,27,58,8,22,15,16,8,16,13,13,8,2,30
2007,146,1207,96,1314,84,N,1,38,66,8,14,12,18,11,27,26,10,4,11,18,25,71,5,20,29,34,21,22,15,9,5,4,19
2007,152,1196,76,1417,66,N,0,24,45,9,22,19,31,8,35,10,16,2,6,17,25,64,5,23,11,13,6,20,12,3,6,0,26
2007,152,1326,67,1207,60,N,0,25,57,4,14,13,19,16,21,13,8,8,3,10,25,51,7,21,3,8,9,21,17,14,3,3,15
2007,154,1196,84,1326,75,N,0,26,53,10,18,22,25,10,28,11,15,5,3,19,30,64,4,23,11,17,10,18,10,7,11,4,20
2008,134,1291,69,1164,60,N,0,19,55,5,20,26,32,13,28,10,11,7,3,16,25,57,4,17,6,13,8,26,9,11,2,6,22
2008,136,1181,71,1125,70,N,0,25,58,6,21,15,21,13,27,9,15,11,2,17,26,59,8,23,10,15,9,24,12,14,7,2,21
2008,136,1242,85,1340,61,N,0,33,61,12,25,7,15,15,23,21,11,10,3,15,21,55,9,25,10,14,13,18,11,16,8,3,18
2008,136,1243,80,1425,67,N,0,29,60,7,16,15,26,21,23,15,13,7,1,21,21,50,6,12,19,27,9,18,12,11,6,4,24
2008,136,1266,74,1246,66,N,0,23,52,5,13,23,29,15,19,10,7,5,3,18,23,48,8,20,12,17,9,17,13,12,4,5,22
2008,136,1277,72,1396,61,N,0,26,54,4,15,16,18,10,27,19,12,4,2,18,21,56,6,23,13,19,11,18,13,11,7,2,12
2008,136,1323,68,1206,50,N,0,26,57,9,21,7,11,11,31,14,13,4,5,15,19,57,3,17,9,14,11,23,8,11,5,2,14
2008,136,1338,82,1331,63,N,0,32,69,8,22,10,13,16,34,17,9,5,1,13,22,63,9,22,10,15,11,22,10,10,6,5,11
2008,136,1345,90,1124,79,N,0,33,67,9,20,15,18,16,27,14,13,6,6,18,28,69,8,28,15,20,16,21,11,11,9,1,15
2008,136,1390,77,1165,53,N,0,31,56,8,18,7,10,13,34,20,19,5,7,15,18,59,8,26,9,13,10,15,7,11,8,3,17
2008,136,1401,67,1140,62,N,0,25,46,8,16,9,17,9,28,18,13,2,0,15,24,54,7,22,7,14,8,17,13,7,6,1,15
2008,136,1417,70,1290,29,N,0,27,57,8,20,8,11,12,40,20,12,7,13,9,13,66,1,14,2,6,15,19,7,11,7,5,9
2008,136,1424,71,1245,58,N,0,29,57,6,18,7,9,7,29,16,19,11,7,16,21,59,5,17,11,15,12,22,9,20,10,1,14
2008,136,1450,71,1457,40,N,0,29,49,4,13,9,13,8,32,20,10,4,3,11,16,52,6,19,2,8,6,15,7,7,5,4,13
2008,136,1452,75,1112,65,N,0,28,55,11,19,8,9,6,21,16,9,6,3,17,21,46,6,15,17,21,6,21,12,12,3,3,14
2008,136,1458,71,1168,56,N,0,25,59,3,16,18,25,18,32,13,17,8,7,11,21,58,7,21,7,13,7,20,7,14,9,0,25
2008,136,1462,73,1208,61,N,0,20,47,6,18,27,33,6,23,11,8,9,1,12,26,55,6,18,3,5,6,24,10,14,4,3,22
2008,137,1116,86,1231,72,N,0,26,48,8,17,26,33,9,25,14,12,5,4,18,28,64,10,24,6,12,14,16,14,10,8,3,23
2008,137,1139,81,1375,61,N,0,27,53,15,28,12,13,7,21,18,10,9,1,21,21,48,6,20,13,27,13,17,8,13,5,4,19
2008,137,1172,82,1211,76,N,0,28,57,11,22,15,21,10,19,18,14,9,1,18,28,55,12,27,8,14,11,23,14,19,11,1,19
2008,137,1207,66,1420,47,N,0,26,51,8,23,6,14,11,29,14,15,6,2,12,16,50,8,26,7,13,9,20,8,12,12,0,16
2008,137,1257,79,1129,61,N,0,29,52,12,24,9,18,7,20,15,16,10,6,17,26,54,4,17,5,12,11,20,15,19,5,0,13
2008,137,1272,87,1426,63,N,0,28,54,9,20,22,35,16,23,18,12,7,5,18,24,55,4,13,11,21,12,17,16,14,5,3,23
2008,137,1274,78,1388,64,N,0,28,63,5,13,17,21,13,34,14,16,4,4,20,22,59,8,23,12,23,10,23,15,14,3,4,20
2008,137,1280,76,1332,69,N,0,24,51,4,17,24,36,8,32,16,12,5,6,15,22,64,9,38,16,19,11,25,13,10,6,2,26
2008,137,1314,113,1291,74,N,0,43,71,7,16,20,25,18,30,25,9,11,4,16,28,65,7,22,11,14,9,13,16,15,7,1,18
2008,137,1328,72,1386,64,N,0,24,42,6,14,18,26,6,19,14,9,5,2,18,24,49,6,14,10,14,9,15,11,12,4,0,22
2008,137,1360,70,1163,69,N,1,31,65,4,12,4,7,12,19,13,11,11,4,21,25,58,3,6,16,20,16,25,14,15,5,4,16
2008,137,1373,83,1435,62,N,0,26,46,9,20,22,25,5,24,16,17,10,0,11,25,61,4,20,8,12,14,17,12,16,9,0,19
2008,137,1397,72,1110,57,N,0,22,45,6,19,22,31,6,21,13,14,12,3,16,21,58,9,25,6,12,18,21,9,22,5,3,26
2008,137,1400,74,1122,54,N,0,27,55,10,22,10,18,15,29,17,11,2,6,16,17,59,6,23,14,21,18,17,10,7,4,1,19
2008,137,1437,75,1155,69,N,0,22,44,7,13,24,29,5,31,8,19,6,1,15,23,60,9,33,14,23,12,19,9,14,8,3,24
2008,137,1443,101,1179,99,N,1,37,68,14,28,13,19,13,28,18,22,5,4,29,26,69,16,42,31,38,19,20,18,15,8,4,21
2008,138,1242,75,1424,56,N,0,29,50,5,13,12,19,7,29,9,10,7,1,26,12,45,5,22,27,34,9,17,6,10,6,1,20
2008,138,1277,65,1338,54,N,0,25,52,6,10,9,9,10,27,12,15,1,3,17,17,52,2,17,18,19,9,17,4,9,8,9,16
2008,138,1390,82,1266,81,N,1,28,60,7,14,19,28,11,27,23,8,4,4,14,31,73,10,30,9,12,17,28,15,9,3,3,24
2008,138,1417,51,1401,49,N,0,19,44,6,18,7,11,8,21,7,14,7,11,16,22,51,2,10,3,7,10,19,12,11,2,2,15
2008,138,1450,61,1323,41,N,0,24,54,4,17,9,14,8,29,14,7,8,2,15,13,53,3,17,12,13,12,26,7,13,3,3,16
2008,138,1452,73,1181,67,N,0,25,62,4,11,19,22,19,28,12,17,1,5,25,19,50,5,22,24,32,7,20,6,13,6,3,23
2008,138,1458,72,1243,55,N,0,24,46,9,22,15,24,4,22,10,10,3,0,18,21,53,0,13,13,16,12,24,4,13,4,1,23
2008,138,1462,85,1345,78,N,0,27,50,5,12,26,33,5,29,12,14,5,3,17,26,67,8,21,18,23,13,24,9,10,8,4,26
2008,139,1172,74,1207,70,N,0,22,57,6,28,24,30,12,16,10,5,6,0,20,26,41,10,18,8,17,7,23,11,20,2,3,27
2008,139,1257,78,1328,48,N,0,32,54,9,17,5,15,10,23,24,12,7,3,18,15,47,5,18,13,19,10,18,9,16,3,3,18
2008,139,1272,77,1280,74,N,0,28,63,6,16,15,32,19,26,19,5,3,11,16,26,60,8,19,14,20,11,26,9,8,2,7,23
2008,139,1314,108,1116,77,N,0,44,65,8,16,12,17,11,21,28,7,3,5,18,28,59,5,18,16,23,14,13,11,9,5,3,13
2008,139,1397,76,1139,71,N,1,26,59,5,19,19,29,16,30,12,20,5,3,24,22,61,9,26,18,28,15,24,11,14,11,1,25
2008,139,1400,75,1274,72,N,0,25,57,13,26,12,21,16,25,17,13,3,7,19,22,55,9,22,19,22,8,22,10,9,4,3,19
2008,139,1437,84,1373,72,N,0,30,56,6,13,18,24,6,31,15,15,8,2,27,20,56,6,21,26,39,10,24,9,13,8,4,19
2008,139,1443,72,1360,63,N,0,25,52,6,16,16,21,8,23,11,14,13,6,19,21,47,4,15,17,28,8,22,11,17,8,2,20
2008,143,1257,79,1397,60,N,0,26,50,4,14,23,30,9,34,14,20,6,7,23,19,56,5,20,17,25,8,20,12,17,11,1,26
2008,143,1314,68,1450,47,N,0,25,58,5,15,13,19,14,32,11,13,5,5,16,18,57,2,16,9,15,9,23,9,10,6,5,18
2008,143,1417,88,1443,78,N,0,29,58,4,9,26,35,17,34,17,19,6,8,22,25,72,9,24,19,26,18,18,12,11,11,4,24
2008,143,1462,79,1452,75,N,1,28,59,11,19,12,21,15,26,16,12,3,5,25,28,66,1,11,18,27,17,21,16,8,5,6,21
2008,144,1172,73,1458,56,N,0,26,53,12,24,9,12,11,17,18,7,9,0,19,17,46,8,23,14,21,14,17,9,12,2,3,13
2008,144,1242,72,1437,57,N,0,24,45,8,19,16,20,7,26,16,18,8,5,18,21,59,3,17,12,18,15,15,5,14,10,2,17
2008,144,1272,92,1277,74,N,0,31,59,4,13,26,35,17,22,13,9,9,7,16,29,59,5,18,11,17,11,17,18,12,2,3,28
2008,144,1400,82,1390,62,N,0,32,65,7,22,11,18,14,28,16,6,7,5,14,22,65,6,17,12,18,19,23,13,10,5,4,14
2008,145,1314,83,1257,73,N,0,31,58,3,11,18,21,15,18,16,14,9,0,17,29,55,6,19,9,16,13,14,15,19,7,5,19
2008,145,1417,76,1462,57,N,0,28,52,7,15,13,18,13,24,17,14,6,6,19,21,58,4,19,11,16,14,14,12,9,6,1,15
2008,146,1242,59,1172,57,N,0,23,52,5,14,8,14,10,28,12,14,5,5,16,22,57,8,27,5,12,9,21,17,9,7,2,15
2008,146,1272,85,1400,67,N,0,26,52,3,11,30,36,7,32,18,7,4,5,13,25,69,9,28,8,9,13,23,13,8,5,4,25
2008,152,1242,84,1314,66,N,0,34,64,5,15,11,14,11,31,17,19,10,9,21,24,67,5,24,13,15,13,20,7,18,7,3,14
2008,152,1272,78,1417,63,N,0,27,64,4,12,20,23,15,28,10,9,7,6,14,24,64,4,13,11,13,12,24,8,12,6,4,17
2008,154,1242,75,1272,68,N,1,29,55,3,12,14,15,9,30,14,17,11,1,18,25,62,6,22,12,19,11,17,14,13,11,3,17
2009,134,1287,58,1106,43,N,0,18,50,4,15,18,24,16,34,13,21,6,2,14,18,58,2,15,5,11,9,18,4,13,7,6,18
2009,136,1163,103,1151,47,N,0,37,71,6,24,23,39,17,41,28,10,12,6,11,17,66,5,25,8,10,9,25,11,19,5,2,27
2009,136,1181,86,1127,62,N,0,28,57,9,20,21,25,17,21,21,15,6,3,14,27,51,7,15,1,5,6,14,9,18,9,4,21
2009,136,1211,77,1103,64,N,0,23,44,5,15,26,31,7,27,15,8,5,5,18,21,57,10,23,12,18,11,15,15,8,0,1,23
2009,136,1261,75,1139,71,N,0,27,55,6,14,15,21,9,21,14,11,11,8,20,22,52,8,23,19,26,13,21,12,15,3,1,20
2009,136,1268,84,1143,71,N,0,31,63,6,16,16,24,16,20,18,9,5,1,17,25,59,7,24,14,19,14,21,12,14,2,2,22
2009,136,1272,81,1169,70,N,0,29,59,11,28,12,21,12,23,19,14,14,3,16,24,54,7,18,15,20,10,22,10,17,8,2,18
2009,136,1276,62,1155,59,N,0,20,51,10,26,12,15,9,24,16,14,5,3,11,21,65,5,22,12,14,21,23,14,11,8,7,19
2009,136,1314,101,1347,58,N,0,38,84,5,14,20,24,20,39,17,12,11,8,13,22,80,5,17,9,14,20,28,9,18,9,6,17
2009,136,1328,82,1288,54,N,0,29,48,4,12,20,32,7,38,15,15,5,6,11,22,77,6,23,4,8,20,16,10,7,9,1,24
2009,136,1345,61,1320,56,N,0,21,52,3,15,16,22,10,22,11,10,8,3,13,20,54,7,22,9,11,9,21,13,14,6,3,20
2009,136,1400,76,1278,62,N,0,27,57,11,20,11,19,14,27,12,14,6,1,18,22,54,4,13,14,19,8,22,12,12,6,2,20
2009,136,1401,79,1140,66,N,0,30,52,6,17,13,19,7,28,20,14,2,6,15,23,59,7,16,13,18,7,19,15,10,11,1,20
2009,136,1417,65,1433,64,N,0,21,52,6,12,17,19,9,24,9,12,9,1,20,20,49,6,15,18,25,10,21,14,12,5,4,17
2009,136,1437,80,1110,67,N,0,24,50,6,18,26,29,10,28,15,16,8,8,12,27,62,10,31,3,5,7,17,16,12,8,1,24
2009,136,1443,76,1228,72,N,0,27,56,9,19,13,22,9,28,13,15,8,4,12,31,63,5,18,5,7,5,24,14,12,9,3,24
2009,136,1449,71,1280,58,N,0,27,62,2,9,15,21,17,28,13,15,5,0,21,20,58,5,18,13,19,14,21,5,17,5,5,22
2009,137,1112,84,1428,71,N,0,30,55,4,12,20,28,11,23,11,14,13,2,15,27,64,8,32,9,13,16,19,16,20,7,3,22
2009,137,1113,66,1396,57,N,0,20,39,8,14,18,24,3,24,12,11,4,1,14,19,51,6,17,13,17,9,20,13,9,5,4,16
2009,137,1156,84,1448,69,N,0,31,65,6,15,16,22,14,18,15,6,9,1,17,26,50,5,13,12,17,10,23,10,18,4,13,20
2009,137,1173,68,1452,60,N,0,25,54,4,10,14,23,13,19,14,9,5,2,22,18,49,5,20,19,25,15,22,10,11,2,4,21
2009,137,1242,84,1295,74,N,0,32,64,4,12,16,20,10,29,17,5,5,2,17,26,62,10,24,12,15,9,25,9,9,3,4,21
2009,137,1257,74,1287,54,N,0,29,50,10,24,6,11,8,21,19,19,9,4,16,20,52,4,11,10,14,13,14,12,20,4,1,10
2009,137,1266,58,1429,57,N,0,17,47,5,19,19,23,10,22,7,9,4,2,14,22,53,7,23,6,8,7,19,11,9,2,3,21
2009,137,1277,77,1352,62,N,0,28,61,4,13,17,23,17,32,15,10,6,4,15,25,61,5,17,7,13,8,20,16,6,8,7,17
2009,137,1281,78,1165,59,N,0,28,59,5,20,17,19,9,28,19,4,4,1,11,23,64,6,21,7,12,17,23,11,9,1,0,15
2009,137,1329,77,1397,75,N,0,30,53,7,21,10,13,8,23,13,12,5,0,19,24,56,11,33,16,21,11,17,16,11,4,1,16
2009,137,1338,72,1190,62,N,0,24,55,7,19,17,23,9,38,16,18,5,3,16,23,75,4,22,12,24,20,24,12,9,6,3,17
2009,137,1373,74,1326,72,N,2,24,72,6,24,20,28,23,30,13,22,9,3,18,24,60,7,25,17,23,9,28,15,20,5,7,21
2009,137,1393,59,1372,44,N,0,25,55,2,16,7,10,12,43,14,21,3,11,12,18,73,2,21,6,10,14,20,10,6,10,1,11
2009,137,1425,72,1130,55,N,0,27,51,4,9,14,19,11,24,19,13,7,6,18,18,55,6,23,13,14,13,17,13,15,5,3,21
2009,137,1458,61,1199,59,N,1,22,54,9,27,8,12,5,21,10,9,4,2,16,20,46,4,13,15,18,4,29,6,15,6,4,16
2009,137,1462,77,1340,59,N,0,29,54,8,19,11,18,10,24,12,7,5,2,17,22,46,8,21,7,16,4,17,12,11,6,2,18
2009,138,1163,92,1401,66,N,0,33,57,5,10,21,27,12,27,20,9,3,5,16,26,63,3,15,11,17,12,16,17,7,3,3,21
2009,138,1181,74,1400,69,N,0,23,53,7,14,21,27,12,19,9,9,8,2,20,25,50,3,12,16,25,13,23,8,15,5,3,23
2009,138,1211,83,1443,81,N,0,30,60,9,21,14,19,9,22,18,11,4,4,12,32,62,12,25,5,14,10,21,14,11,4,5,20
2009,138,1272,89,1268,70,N,0,31,53,10,19,17,22,8,27,21,13,6,3,17,27,62,5,14,11,19,11,16,9,7,8,3,17
2009,138,1314,84,1261,70,N,0,32,59,6,13,14,18,11,21,13,10,11,5,9,29,64,9,22,3,6,16,17,12,15,5,4,16
2009,138,1328,73,1276,63,N,0,25,51,6,19,17,27,13,22,18,11,5,4,13,22,56,10,27,9,11,14,20,12,14,5,1,23
2009,138,1345,76,1449,74,N,0,25,64,7,16,19,23,15,25,15,11,5,7,21,28,67,4,12,14,19,16,24,13,9,4,3,20
2009,138,1437,89,1417,69,N,0,31,67,8,25,19,27,16,25,20,11,11,1,22,20,47,9,24,20,30,7,21,14,20,7,3,21
2009,139,1112,71,1156,57,N,0,22,44,3,11,24,28,6,27,12,11,8,3,19,22,59,3,23,10,14,12,18,3,11,7,1,18
2009,139,1242,60,1173,43,N,0,23,53,3,16,11,22,11,39,9,17,5,12,11,16,72,4,19,7,8,17,26,7,11,13,6,23
2009,139,1257,79,1373,72,N,0,32,65,9,20,6,13,19,28,18,17,3,7,13,29,69,7,24,7,10,13,19,17,9,8,1,14
2009,139,1277,74,1425,69,N,0,22,51,6,13,24,31,12,24,20,16,5,1,18,23,57,1,10,22,26,12,18,10,11,10,5,21
2009,139,1281,83,1266,79,N,0,31,64,7,22,14,20,10,20,14,7,6,4,23,23,60,5,14,28,33,16,25,8,12,4,0,17
2009,139,1338,84,1329,76,N,0,28,57,11,28,17,26,19,22,18,14,2,5,12,26,54,12,28,12,12,5,16,18,9,8,1,21
2009,139,1393,78,1113,67,N,0,26,47,9,20,17,21,4,29,18,10,4,0,15,20,49,13,35,14,22,7,17,17,10,2,2,17
2009,139,1462,60,1458,49,N,0,18,46,6,14,18,26,7,30,12,14,4,5,20,16,56,3,20,14,17,7,23,5,7,5,2,23
2009,143,1163,72,1345,60,N,0,25,56,3,8,19,30,14,34,19,13,6,6,12,24,66,6,23,6,11,9,24,12,9,7,2,26
2009,143,1281,102,1272,91,N,0,33,62,6,16,30,45,12,25,17,12,9,3,24,35,69,3,15,18,32,15,25,16,14,8,6,25
2009,143,1338,60,1462,55,N,0,22,65,4,15,12,19,18,26,9,9,9,3,13,21,64,5,23,8,10,17,27,9,10,4,7,17
2009,143,1437,77,1181,54,N,0,27,64,4,18,19,23,13,36,9,12,5,5,23,16,60,5,27,17,24,8,26,7,11,8,2,24
2009,144,1257,103,1112,64,N,0,38,66,14,29,13,14,11,25,29,9,10,3,15,24,63,7,24,9,13,15,17,15,14,5,1,13
2009,144,1277,67,1242,62,N,0,23,59,5,15,16,17,13,18,17,13,13,2,16,24,53,3,12,11,13,13,24,11,19,7,4,17
2009,144,1314,98,1211,77,N,0,36,68,11,19,15,27,11,31,23,9,8,4,17,27,58,7,23,16,23,4,27,10,12,6,5,19
2009,144,1328,84,1393,71,N,0,32,59,9,21,11,18,15,21,19,18,11,3,14,27,60,7,24,10,14,14,15,13,18,10,2,10
2009,145,1163,82,1281,75,N,0,27,53,2,12,26,32,11,36,15,17,3,8,13,32,76,5,18,6,12,12,20,21,6,10,1,24
2009,145,1437,78,1338,76,N,0,25,56,6,20,22,23,13,20,9,13,6,5,24,25,52,5,18,21,29,10,18,14,11,4,3,18
2009,146,1277,64,1257,52,N,0,24,52,8,16,8,11,13,24,19,12,7,1,22,18,47,6,16,10,18,11,18,12,12,7,5,15
2009,146,1314,72,1328,60,N,0,26,51,5,14,15,16,6,21,13,12,9,2,19,24,54,2,19,10,16,12,19,9,16,6,0,20
2009,152,1277,82,1163,73,N,0,31,72,6,19,14,20,18,24,18,11,11,3,25,25,59,2,6,21,33,16,26,8,16,5,7,18
2009,152,1314,83,1437,69,N,0,25,62,11,22,22,37,14,34,16,12,6,6,20,26,79,5,27,12,16,22,31,8,12,7,3,26
2009,154,1314,89,1277,72,N,0,28,61,5,12,28,40,11,24,13,7,9,0,22,22,55,7,23,21,29,13,29,13,21,1,5,28
2010,134,1115,61,1457,44,N,0,17,44,6,16,21,28,10,29,12,10,3,7,16,16,55,2,21,10,18,14,20,5,7,3,5,22
2010,136,1124,68,1358,59,N,0,26,59,5,20,11,17,8,39,18,14,8,2,18,23,68,6,31,7,13,8,29,20,11,7,1,20
2010,136,1139,77,1431,59,N,0,23,50,13,31,18,28,8,24,14,10,6,1,13,24,57,4,18,7,9,6,24,15,14,8,1,24
2010,136,1140,99,1196,92,N,2,32,65,10,23,25,32,10,23,11,12,12,2,17,34,78,10,32,14,19,20,25,15,21,7,4,24
2010,136,1242,90,1250,74,N,0,38,69,9,21,5,10,14,27,17,14,10,11,18,25,62,7,19,17,21,13,20,11,13,6,4,16
2010,136,1243,82,1317,62,N,0,31,61,7,18,13,20,17,23,12,11,9,10,25,17,55,5,19,23,31,19,17,8,16,2,0,17
2010,136,1246,100,1190,71,N,0,31,60,15,33,23,34,11,33,27,14,8,11,24,23,64,4,17,21,37,15,25,11,14,11,1,23
2010,136,1293,66,1435,65,N,0,25,60,7,15,9,17,15,24,13,11,4,4,21,22,50,4,12,17,29,10,23,15,10,4,4,17
2010,136,1307,62,1285,57,N,0,22,53,5,20,13,23,10,21,14,6,8,3,14,22,54,6,21,7,12,11,26,17,12,5,2,21
2010,136,1320,69,1424,66,N,0,20,45,9,19,20,23,13,22,11,16,7,2,16,25,58,9,22,7,12,15,13,12,8,9,2,20
2010,136,1325,97,1207,83,N,0,32,55,13,23,20,26,8,18,15,12,6,3,18,31,61,8,22,13,19,14,17,14,18,5,5,21
2010,136,1330,51,1323,50,N,0,20,48,3,13,8,12,9,22,11,8,7,2,9,21,59,6,26,2,3,16,22,12,10,6,2,14
2010,136,1388,80,1350,71,N,0,26,53,8,19,20,28,19,21,11,13,5,3,15,25,53,10,21,11,13,4,13,10,9,6,2,23
2010,136,1397,62,1361,59,N,0,20,52,8,17,14,18,13,19,10,11,3,3,19,20,52,3,18,16,21,11,22,10,10,3,6,16
2010,136,1437,73,1352,70,N,1,18,51,6,22,31,40,11,18,9,16,13,10,19,22,55,5,20,21,26,11,24,8,21,10,2,31
2010,136,1448,81,1400,80,N,1,30,70,6,18,15,24,20,39,15,20,2,4,24,26,69,8,24,20,33,10,24,11,5,11,4,20
2010,136,1449,80,1266,78,N,0,30,55,9,14,11,16,7,21,21,12,4,6,15,27,51,12,19,12,15,5,17,16,13,8,1,17
2010,137,1143,77,1257,62,N,0,26,51,8,15,17,22,7,21,17,14,8,3,14,26,60,5,19,5,9,15,22,13,15,9,1,19
2010,137,1165,78,1396,65,N,0,27,48,9,23,15,19,10,20,10,11,7,2,12,27,52,5,17,6,9,7,13,14,11,3,4,20
2010,137,1181,73,1115,44,N,0,24,47,6,13,19,28,13,28,12,14,5,4,12,17,53,4,19,6,7,9,15,8,16,7,4,19
2010,137,1210,64,1329,59,N,0,19,44,2,10,24,25,10,22,11,13,8,1,15,22,44,6,22,9,13,3,14,12,11,8,1,20
2010,137,1211,67,1199,60,N,0,21,42,3,10,22,30,6,32,11,15,5,5,19,21,59,6,20,12,20,11,21,15,8,7,4,22
2010,137,1268,89,1222,77,N,0,32,68,4,17,21,25,17,33,18,10,2,4,20,25,60,7,20,20,32,9,20,7,6,6,1,19
2010,137,1277,70,1308,67,N,0,20,53,7,19,23,33,14,26,16,9,5,4,22,23,57,8,21,13,22,15,25,8,11,7,3,23
2010,137,1281,86,1155,78,N,0,30,58,5,17,21,29,9,21,21,9,15,3,16,28,63,12,24,10,14,18,23,14,20,2,1,22
2010,137,1326,68,1364,51,N,0,21,52,10,22,16,18,8,30,14,9,5,12,12,20,62,6,19,5,7,12,23,11,9,6,2,16
2010,137,1338,89,1324,66,N,0,30,56,4,12,25,36,9,29,18,15,10,1,26,19,57,4,21,24,32,11,21,8,17,8,1,25
2010,137,1345,72,1373,64,N,0,27,59,5,17,13,19,6,32,21,14,8,7,14,23,70,3,12,15,18,15,30,9,14,7,1,16
2010,137,1393,79,1436,56,N,0,30,55,10,22,9,11,13,27,24,16,8,8,14,23,66,5,22,5,10,16,13,13,9,8,1,11
2010,137,1401,69,1429,53,N,0,25,51,8,18,11,14,7,32,12,11,4,1,13,24,62,5,20,0,4,10,21,8,9,4,3,18
2010,137,1452,77,1288,50,N,0,24,58,4,15,25,31,14,35,20,9,7,4,16,18,61,3,19,11,20,13,25,3,12,6,7,22
2010,137,1458,53,1459,49,N,0,20,54,1,9,12,19,10,20,3,4,7,0,14,20,48,3,7,6,13,11,26,7,11,1,2,15
2010,137,1462,65,1278,54,N,0,23,67,7,20,12,19,20,30,15,6,6,3,16,19,62,7,26,9,14,16,25,14,8,2,11,18
2010,138,1124,76,1330,68,N,0,28,54,8,20,12,17,11,19,15,13,8,6,19,23,53,6,13,16,22,14,17,16,14,9,3,18
2010,138,1139,54,1293,52,N,0,18,50,7,20,11,19,7,15,10,6,6,1,14,19,44,9,14,5,12,11,28,12,18,3,3,17
2010,138,1243,84,1140,72,N,0,23,56,11,27,27,30,15,24,14,15,7,3,20,21,53,5,16,25,28,9,20,12,13,7,2,24
2010,138,1246,90,1448,60,N,0,38,63,7,21,7,17,14,28,21,11,6,6,21,21,64,2,15,16,26,19,15,12,11,6,3,17
2010,138,1320,69,1242,67,N,0,22,55,9,26,16,19,11,19,11,9,9,1,16,24,54,6,23,13,18,14,24,9,15,5,3,19
2010,138,1388,75,1437,68,N,0,24,48,7,19,20,26,6,27,6,12,2,3,12,25,69,7,19,11,11,15,17,9,7,5,2,18
2010,138,1397,83,1325,68,N,0,34,60,5,14,10,18,11,30,21,16,8,3,22,22,58,10,26,14,26,14,19,15,14,9,1,17
2010,138,1449,82,1307,64,N,0,32,66,8,17,10,20,12,28,21,5,6,7,18,26,66,5,17,7,17,13,25,7,11,1,1,18
2010,139,1165,87,1458,69,N,0,33,54,8,15,13,16,9,20,14,8,8,1,14,24,49,8,25,13,17,8,13,13,10,6,1,16
2010,139,1181,68,1143,53,N,0,27,57,3,17,11,17,11,23,11,5,4,5,15,19,48,3,12,12,16,9,24,6,11,3,1,18
2010,139,1277,85,1268,83,N,0,32,58,10,18,11,14,13,29,18,19,3,5,19,29,66,9,19,16,20,10,14,20,6,8,0,14
2010,139,1326,75,1210,66,N,0,25,51,8,21,17,23,7,22,17,18,8,3,17,24,58,4,20,14,19,12,21,14,21,12,0,24
2010,139,1345,63,1401,61,N,1,26,63,6,17,5,6,5,34,11,12,12,6,18,23,65,5,17,10,17,14,31,14,14,8,3,13
2010,139,1393,87,1211,65,N,0,29,53,12,25,17,23,8,30,17,15,4,2,17,25,60,3,21,12,20,11,16,14,11,8,3,18
2010,139,1452,68,1281,59,N,0,19,47,5,15,25,33,13,28,12,10,4,5,16,20,61,7,21,12,20,17,21,13,7,6,8,23
2010,139,1462,71,1338,68,N,0,24,50,8,16,15,23,5,26,9,7,4,3,16,25,64,7,21,11,18,15,25,12,9,4,4,18
2010,143,1139,63,1393,59,N,0,21,52,6,24,15,21,5,23,9,7,13,2,15,21,48,7,19,10,14,8,30,12,18,4,1,16
2010,143,1243,101,1462,96,N,2,37,78,8,19,19,29,16,24,19,12,5,11,25,31,72,12,28,22,29,19,32,12,16,8,4,28
2010,143,1246,62,1165,45,N,0,22,50,2,16,16,26,13,28,15,13,12,6,17,16,48,5,21,8,13,7,21,8,15,6,3,22
2010,143,1452,69,1449,56,N,0,26,65,4,15,13,17,23,26,14,23,11,4,15,22,56,3,11,9,14,11,18,11,21,14,8,20
2010,144,1124,72,1388,49,N,0,28,61,8,17,8,10,15,26,14,7,8,1,9,19,54,6,22,5,8,10,19,14,10,1,4,12
2010,144,1181,70,1345,57,N,0,22,55,6,15,20,24,16,32,11,14,4,2,20,20,54,4,15,13,21,7,20,12,7,7,6,21
2010,144,1277,59,1320,52,N,0,19,44,7,19,14,19,6,26,15,10,8,3,19,17,44,4,16,14,21,4,22,4,10,6,3,13
2010,144,1397,76,1326,73,N,0,30,64,4,15,12,15,20,21,15,16,6,3,20,25,58,9,23,14,19,13,16,14,11,6,3,16
2010,145,1139,63,1243,56,N,0,21,46,7,15,14,20,12,29,9,20,7,1,16,22,57,5,15,7,14,11,18,8,13,11,6,19
2010,145,1452,73,1246,66,N,0,20,52,10,23,23,34,10,26,14,12,5,6,22,23,67,4,32,16,29,24,27,10,16,6,4,27
2010,146,1181,78,1124,71,N,0,22,61,11,23,23,29,23,20,15,11,7,0,15,27,59,5,18,12,19,17,20,14,11,8,8,21
2010,146,1277,70,1397,69,N,0,24,52,6,18,16,21,13,14,12,11,8,8,20,24,47,7,16,14,21,10,17,11,10,6,3,15
2010,152,1139,52,1277,50,N,0,15,49,5,21,17,24,11,21,5,8,12,2,17,18,42,4,11,10,18,8,28,11,16,3,4,21
2010,152,1181,78,1452,57,N,0,29,55,13,25,7,9,11,18,20,6,5,1,16,19,46,5,12,14,19,11,16,11,10,1,4,12
2010,154,1181,61,1139,59,N,0,23,52,5,17,10,16,11,26,12,12,5,7,14,20,58,6,18,13,18,14,21,7,8,4,0,18
2011,134,1155,70,1412,52,N,0,26,50,4,13,14,16,4,25,17,12,10,2,12,18,48,12,24,4,7,7,22,10,19,4,3,10
2011,134,1421,81,1114,77,N,1,27,54,4,12,23,28,6,29,17,15,6,1,25,24,56,9,29,20,26,7,26,19,16,6,2,24
2011,135,1427,70,1106,61,N,0,23,54,4,16,20,30,10,30,14,13,4,0,14,22,62,7,26,10,12,11,28,13,12,6,3,22
2011,135,1433,59,1425,46,N,0,20,59,9,24,10,15,17,23,11,9,5,3,24,15,38,1,9,15,25,5,26,4,15,2,6,20
2011,136,1139,60,1330,58,N,0,22,54,7,26,9,11,18,14,11,15,8,1,21,16,45,5,15,21,27,13,16,8,15,9,2,17
2011,136,1140,74,1459,66,N,0,24,61,6,22,20,24,10,29,14,10,9,1,22,22,56,4,19,18,24,7,29,12,13,4,4,20
2011,136,1153,78,1281,63,N,0,29,54,4,11,16,22,13,23,14,11,3,2,15,24,63,6,19,9,13,15,16,15,9,7,3,18
2011,136,1163,81,1137,52,N,0,32,66,9,24,8,9,13,36,20,6,5,6,13,16,51,7,21,13,15,1,22,6,5,3,1,10
2011,136,1196,79,1364,51,N,0,29,53,8,23,13,17,9,26,22,12,11,2,15,17,47,5,19,12,18,8,18,8,17,7,3,17
2011,136,1211,86,1385,71,N,0,28,52,9,15,21,26,12,31,20,15,6,2,15,27,58,7,15,10,15,5,15,9,10,10,4,22
2011,136,1243,73,1429,68,N,0,22,54,5,17,24,28,12,21,14,11,2,1,17,23,50,6,18,16,21,8,21,10,12,2,2,25
2011,136,1246,59,1343,57,N,0,24,47,5,11,6,11,6,20,12,9,5,7,8,24,52,3,14,6,7,8,20,8,6,8,2,11
2011,136,1287,62,1257,61,N,0,21,57,9,19,11,18,17,24,11,18,12,1,13,22,48,10,25,7,16,6,23,14,16,14,7,18
2011,136,1338,74,1421,51,N,0,25,59,8,19,16,25,22,28,18,12,4,1,16,17,55,3,19,14,19,9,18,9,10,7,6,21
2011,136,1350,69,1435,66,N,0,26,56,12,24,5,12,10,17,14,3,4,9,18,23,46,6,13,14,23,11,25,12,7,1,2,14
2011,136,1361,68,1294,50,N,0,27,66,9,22,5,8,15,30,11,4,5,5,8,19,56,8,22,4,8,9,24,8,9,2,0,7
2011,136,1396,66,1336,64,N,0,24,49,5,18,13,15,8,20,10,10,6,5,13,26,54,8,19,4,6,8,18,12,9,4,0,13
2011,136,1417,78,1277,76,N,0,22,48,4,11,30,47,13,26,13,16,7,8,20,25,62,10,25,16,21,15,21,20,16,9,8,28
2011,136,1452,84,1155,76,N,0,27,55,5,13,25,31,14,23,15,11,6,1,21,25,58,5,21,21,26,13,18,15,9,5,3,24
2011,136,1458,72,1125,58,N,0,20,40,12,22,20,25,6,27,13,13,3,2,17,18,49,6,22,16,22,6,16,12,7,7,0,21
2011,137,1112,77,1272,75,N,0,23,50,5,19,26,31,8,21,11,14,8,2,21,26,53,6,15,17,24,10,23,16,15,7,1,24
2011,137,1181,87,1214,45,N,0,32,60,9,19,14,16,9,29,17,9,9,4,11,19,55,4,14,3,7,9,20,4,17,2,1,17
2011,137,1199,57,1401,50,N,0,20,43,4,15,13,20,6,29,14,13,6,10,17,16,51,9,25,9,19,12,21,12,11,6,1,19
2011,137,1206,61,1437,57,N,0,21,52,4,14,15,24,12,24,12,9,3,1,15,19,52,7,22,12,17,10,25,10,9,5,5,19
2011,137,1228,73,1424,62,N,0,28,47,7,13,10,14,5,28,21,15,3,2,17,21,54,7,24,13,19,8,17,10,9,8,0,16
2011,137,1242,72,1131,53,N,0,29,57,9,20,5,8,11,29,19,14,5,1,13,18,51,9,25,8,12,6,19,10,12,6,3,16
2011,137,1266,66,1462,55,N,0,24,45,5,12,13,19,5,21,13,15,6,2,18,21,51,2,13,11,15,11,19,11,15,3,2,19
2011,137,1276,75,1397,45,N,0,33,64,9,26,0,1,12,24,20,11,5,2,17,15,43,3,18,12,16,6,20,10,18,4,5,13
2011,137,1314,102,1254,87,N,0,34,67,3,17,31,42,12,42,21,18,3,10,19,31,85,8,31,17,25,16,23,19,14,11,1,28
2011,137,1323,69,1103,56,N,0,21,47,7,17,20,26,6,35,16,14,5,5,11,23,64,7,21,3,6,8,24,10,8,6,4,21
2011,137,1326,75,1427,46,N,0,29,52,12,24,5,8,11,24,26,13,5,3,9,18,53,4,17,6,7,11,15,6,13,7,0,13
2011,137,1345,65,1389,43,N,0,23,54,5,15,14,17,14,33,12,16,7,3,13,17,58,5,21,4,6,9,19,9,14,10,2,19
2011,137,1393,77,1232,60,N,0,23,44,7,16,24,31,9,26,17,15,8,4,16,22,55,7,21,9,14,10,15,13,14,7,1,24
2011,137,1400,85,1324,81,N,0,30,63,4,9,21,26,15,27,14,10,4,9,14,33,75,7,29,8,11,17,21,12,7,7,3,17
2011,137,1433,74,1207,56,N,0,18,44,12,25,26,39,8,22,14,6,7,4,16,20,52,5,26,11,13,12,24,12,17,3,1,26
2011,137,1449,68,1208,65,N,0,26,60,4,18,12,14,11,18,10,5,6,1,19,23,50,5,12,14,19,11,25,9,15,3,1,13
2011,138,1139,71,1338,70,N,0,24,52,12,27,11,14,5,17,12,6,2,2,18,26,46,6,11,12,18,7,26,21,12,2,0,18
2011,138,1140,89,1211,67,N,0,31,59,14,28,13,15,4,23,17,8,10,6,19,24,57,2,9,17,21,12,24,18,15,4,5,19
2011,138,1163,69,1153,58,N,0,19,44,6,16,25,30,9,26,10,9,3,3,13,22,55,4,14,10,14,9,16,12,8,5,2,19
2011,138,1196,73,1417,65,N,0,27,54,6,14,13,17,8,24,13,8,2,4,18,23,55,3,13,16,25,14,21,12,8,4,5,14
2011,138,1246,71,1452,63,N,0,24,50,6,18,17,24,9,25,12,10,1,6,19,22,53,7,19,12,16,9,21,9,11,5,2,23
2011,138,1350,65,1287,48,N,0,26,55,4,16,9,13,10,22,18,6,5,4,12,18,48,2,14,10,15,12,22,7,9,4,3,16
2011,138,1361,71,1396,64,N,2,28,65,6,11,9,9,13,29,13,13,6,6,14,25,66,6,14,8,11,13,22,13,11,3,1,15
2011,138,1458,70,1243,65,N,0,21,50,9,20,19,23,10,20,12,5,4,2,18,22,48,6,12,15,22,10,22,7,8,3,0,22
2011,139,1112,70,1400,69,N,0,24,54,8,14,14,22,11,21,17,12,8,2,20,24,53,3,11,18,22,10,23,13,13,5,7,17
2011,139,1181,73,1276,71,N,0,25,49,5,20,18,25,10,23,12,11,1,2,18,27,53,7,21,10,11,4,18,13,7,7,0,23
2011,139,1199,71,1323,57,N,0,22,48,9,19,18,25,9,31,15,12,2,9,18,19,62,7,30,12,19,15,23,12,8,4,5,25
2011,139,1242,73,1228,59,N,0,27,52,4,12,15,20,7,29,17,12,5,2,11,23,60,6,21,7,9,10,21,16,12,7,2,18
2011,139,1266,66,1393,62,N,0,21,51,5,11,19,23,12,18,15,14,11,1,13,26,47,5,15,5,7,4,20,11,18,7,2,21
2011,139,1314,86,1449,83,N,0,31,66,6,12,18,23,12,25,18,9,7,5,9,33,72,10,19,7,7,14,26,17,13,6,2,20
2011,139,1326,98,1206,66,N,0,36,59,16,26,10,18,11,22,23,9,8,1,11,26,60,8,18,6,7,13,16,13,17,5,3,17
2011,139,1433,94,1345,76,N,0,37,65,8,21,12,14,9,26,26,4,4,2,13,30,67,8,25,8,11,13,20,20,7,3,6,15
2011,143,1112,93,1181,77,N,0,34,63,9,15,16,21,16,24,15,12,7,3,21,27,58,5,14,18,22,9,18,10,11,5,6,20
2011,143,1139,61,1458,54,N,0,19,45,5,18,18,26,10,27,7,14,8,2,19,17,56,7,29,13,19,12,19,9,11,7,3,20
2011,143,1163,74,1361,67,N,0,27,57,8,16,12,16,9,26,13,9,5,3,16,27,64,7,22,6,13,15,22,14,9,4,1,14
2011,143,1196,83,1140,74,N,1,31,65,11,34,10,22,10,35,23,15,8,5,12,25,71,10,37,14,16,12,30,13,12,11,1,19
2011,144,1242,77,1350,57,N,0,30,63,9,19,8,10,15,28,20,9,7,3,14,22,65,4,26,9,12,16,19,7,11,3,2,10
2011,144,1246,62,1326,60,N,0,22,48,6,17,12,14,7,25,11,11,3,11,18,19,58,6,16,16,22,16,20,7,7,6,1,14
2011,144,1314,81,1266,63,N,0,31,74,5,16,14,21,22,26,15,7,11,8,16,23,63,2,16,15,20,18,24,8,18,4,8,17
2011,144,1433,72,1199,71,N,1,24,53,12,26,12,20,7,25,18,17,12,1,20,26,71,7,19,12,18,21,26,7,16,8,6,19
2011,145,1139,74,1196,71,N,1,24,60,9,33,17,27,16,25,8,10,2,1,20,25,57,3,14,18,22,8,26,10,7,6,3,24
2011,145,1163,65,1112,63,N,0,23,56,5,17,14,18,11,20,10,5,5,6,15,24,61,4,21,11,16,19,23,14,9,3,1,12
2011,146,1246,76,1314,69,N,0,27,56,12,22,10,16,9,25,16,14,10,5,13,27,62,3,16,12,15,11,25,13,13,9,5,17
2011,146,1433,71,1242,61,N,0,21,53,12,25,17,22,9,26,14,13,7,1,18,22,62,2,21,15,28,19,26,10,14,8,6,20
2011,152,1139,70,1433,62,N,0,21,59,8,23,20,26,16,32,8,9,5,2,16,23,58,8,22,8,13,6,26,17,10,3,4,24
2011,152,1163,56,1246,55,N,0,23,49,1,12,9,11,6,32,16,15,5,3,13,21,62,9,27,4,12,15,22,12,10,11,3,12
2011,154,1163,53,1139,41,N,0,19,55,1,11,14,16,17,36,6,11,4,10,15,12,64,9,33,8,14,20,21,5,6,8,2,17
2012,134,1140,78,1233,72,N,0,30,62,7,20,11,20,10,33,21,20,9,7,14,31,70,6,25,4,8,8,28,19,18,10,3,19
2012,134,1443,59,1290,58,N,0,19,62,2,16,19,33,26,34,10,28,7,9,18,22,61,4,22,10,22,10,22,12,17,11,8,24
2012,135,1378,65,1143,54,N,0,28,49,5,15,4,8,5,27,15,11,3,4,14,21,58,3,14,9,14,12,19,10,7,1,2,14
2012,135,1436,71,1249,59,N,0,25,50,4,11,17,24,9,25,16,5,3,3,19,20,60,4,13,15,21,19,21,6,7,3,2,17
2012,136,1124,68,1355,60,N,0,23,52,8,20,14,20,12,23,9,12,6,2,16,21,50,10,30,8,14,7,16,16,13,7,1,17
2012,136,1160,68,1424,64,N,0,22,48,7,12,17,27,9,37,12,23,4,3,18,23,71,9,36,9,17,12,21,13,8,14,8,22
2012,136,1211,77,1452,54,N,0,28,50,9,17,12,16,6,25,15,10,9,2,25,16,49,3,17,19,28,12,19,10,10,2,3,17
2012,136,1231,79,1308,66,N,0,32,54,7,13,8,10,7,14,15,12,12,0,12,27,49,4,12,8,10,7,16,7,17,5,6,13
2012,136,1235,77,1163,64,N,0,26,54,6,16,19,20,12,29,10,11,2,4,15,21,56,7,19,15,22,8,16,8,4,7,5,17
2012,136,1243,70,1379,64,N,0,21,42,2,12,26,34,5,26,12,11,4,7,18,22,60,8,23,12,17,13,21,8,10,8,0,25
2012,136,1246,81,1443,66,N,0,30,54,3,10,18,25,9,30,14,12,2,9,14,25,63,6,15,10,16,10,20,10,10,6,2,19
2012,136,1257,69,1172,62,N,0,21,52,1,5,26,36,13,27,8,10,5,4,19,21,60,4,19,16,23,13,23,12,10,4,6,23
2012,136,1266,88,1140,68,N,0,30,66,9,20,19,26,16,32,19,16,7,3,20,23,61,7,19,15,22,9,25,16,17,8,6,22
2012,136,1293,58,1161,41,N,0,20,51,5,17,13,26,10,22,9,8,9,5,8,16,48,3,14,6,9,12,28,7,22,6,1,22
2012,136,1307,75,1253,68,N,0,25,50,7,21,18,24,7,24,19,14,6,7,16,28,65,4,16,8,14,16,20,13,15,6,2,19
2012,136,1326,78,1259,59,N,0,26,58,5,14,21,26,16,33,11,18,6,8,19,19,54,4,14,17,22,5,19,9,12,6,8,24
2012,136,1393,72,1421,65,N,0,25,56,5,23,17,24,15,18,16,9,5,5,15,21,49,9,23,14,16,10,22,17,12,3,0,22
2012,136,1433,62,1455,59,N,0,25,59,6,23,6,9,10,27,9,11,8,3,12,24,62,5,16,6,10,12,24,13,12,8,4,12
2012,136,1435,79,1217,70,N,0,25,46,8,18,21,30,10,25,13,16,8,5,18,25,56,9,24,11,14,8,17,14,10,4,0,21
2012,136,1458,73,1285,49,N,0,23,48,10,19,17,19,11,26,15,10,3,8,15,18,47,3,9,10,15,5,16,8,8,8,2,16
2012,137,1153,65,1400,59,N,0,27,59,3,16,8,16,12,28,17,9,4,4,16,20,57,7,20,12,14,10,24,11,11,6,5,15
2012,137,1166,58,1104,57,N,0,22,50,9,21,5,13,7,24,14,7,4,3,11,22,48,7,17,6,12,6,26,9,9,5,4,18
2012,137,1196,71,1438,45,N,0,28,53,4,23,11,17,9,30,11,12,6,0,10,18,47,3,18,6,10,2,21,12,13,5,1,15
2012,137,1199,66,1382,63,N,0,24,53,7,19,11,14,9,22,13,11,9,9,14,23,57,7,14,10,13,14,23,16,13,9,3,16
2012,137,1207,74,1125,59,N,0,30,49,5,12,9,13,7,25,14,12,2,3,10,21,54,10,27,7,11,10,14,16,9,3,0,15
2012,137,1242,65,1178,50,N,0,23,50,5,16,14,23,7,33,12,14,6,5,17,20,63,3,17,7,14,16,25,9,14,9,3,21
2012,137,1250,75,1181,70,N,0,22,52,6,18,25,37,9,25,12,8,7,1,22,24,58,6,26,16,23,13,29,12,13,4,3,26
2012,137,1277,89,1254,67,N,0,40,68,3,9,6,9,15,28,21,12,6,0,17,22,50,8,17,15,23,4,16,10,12,6,4,10
2012,137,1301,79,1361,65,N,0,31,53,3,9,14,21,6,32,13,10,3,3,13,23,61,8,23,11,14,8,21,9,9,3,2,17
2012,137,1313,86,1281,84,N,0,32,59,10,19,12,18,14,23,14,11,2,3,20,29,55,13,29,13,17,7,18,15,8,6,1,19
2012,137,1314,77,1436,58,N,0,27,65,5,18,18,24,15,22,14,11,14,6,10,25,63,3,18,5,8,16,26,8,20,6,2,19
2012,137,1325,65,1276,60,N,0,22,43,6,16,15,17,4,22,13,9,6,2,12,22,54,7,23,9,11,11,18,11,10,2,0,16
2012,137,1345,72,1388,69,N,0,26,57,5,16,15,18,7,25,7,10,7,2,17,27,64,4,25,11,13,12,27,11,11,3,3,18
2012,137,1378,58,1396,44,N,0,17,50,8,17,16,21,14,23,7,12,10,1,16,15,42,2,12,12,16,6,22,9,13,6,5,19
2012,137,1387,61,1272,54,N,0,21,46,5,13,14,18,8,26,7,17,6,1,12,21,54,2,15,10,17,10,19,4,11,8,3,17
2012,137,1462,67,1323,63,N,0,22,44,5,10,18,27,10,20,11,10,6,1,14,25,49,9,21,4,9,6,15,19,11,6,1,16
2012,138,1124,80,1160,63,N,0,28,64,11,20,13,18,17,24,15,11,9,4,12,23,51,5,15,12,18,7,21,13,13,6,3,16
2012,138,1231,63,1433,61,N,0,24,46,6,13,9,11,8,28,13,22,6,2,13,23,57,9,30,6,13,8,15,8,11,10,3,16
2012,138,1246,87,1235,71,N,0,31,56,10,20,15,22,12,28,19,11,2,5,19,25,61,3,22,18,25,12,19,7,7,6,2,18
2012,138,1257,59,1307,56,N,0,22,48,7,15,8,12,7,18,9,11,9,5,14,23,58,5,23,5,8,17,19,13,13,5,2,12
2012,138,1266,62,1293,53,N,0,21,55,4,15,16,21,5,31,11,12,7,4,11,20,64,4,21,9,10,13,30,7,16,6,4,18
2012,138,1326,73,1211,66,N,0,25,53,9,24,14,18,9,22,13,11,6,4,17,22,56,8,23,14,19,13,21,14,9,3,1,19
2012,138,1393,75,1243,59,N,0,23,45,6,9,23,29,9,23,13,14,6,8,18,21,67,4,17,13,19,25,16,8,14,5,0,20
2012,138,1458,60,1435,57,N,0,23,55,10,33,4,8,10,20,13,8,4,1,16,20,46,5,19,12,16,9,26,8,12,4,3,17
2012,139,1153,62,1199,56,N,0,19,50,5,15,19,23,10,23,13,15,13,5,18,19,50,6,17,12,15,10,21,11,17,5,8,20
2012,139,1196,84,1313,50,N,0,28,53,10,28,18,25,13,35,13,13,4,4,12,18,66,4,24,10,13,14,17,9,8,3,3,21
2012,139,1242,63,1345,60,N,0,21,62,6,24,15,23,21,23,10,7,6,4,18,20,50,8,18,12,19,12,24,11,10,3,1,16
2012,139,1277,65,1387,61,N,0,25,46,4,10,11,17,5,27,12,11,2,1,19,18,51,7,25,18,23,8,20,9,6,5,1,16
2012,139,1301,66,1207,63,N,0,20,54,7,15,19,31,17,24,11,10,4,3,14,21,51,8,25,13,17,8,25,13,12,5,4,23
2012,139,1314,87,1166,73,N,0,33,65,8,16,13,19,11,33,16,9,4,9,8,28,68,8,20,9,12,9,26,11,9,7,3,18
2012,139,1325,62,1378,56,N,0,17,43,9,18,19,25,7,18,10,9,9,1,19,20,46,2,15,14,19,10,23,10,10,5,6,16
2012,139,1462,70,1250,58,N,0,24,54,7,15,15,21,12,31,8,14,2,6,15,21,64,3,22,13,20,15,21,4,8,6,5,20
2012,143,1196,68,1266,58,N,0,24,59,7,27,13,15,10,32,15,11,5,9,15,20,65,6,21,12,18,15,26,11,9,8,3,17
2012,143,1257,57,1277,44,N,0,21,55,9,23,6,11,11,28,15,10,9,7,11,14,49,5,21,11,12,8,28,12,15,8,7,15
2012,143,1326,81,1153,66,N,0,27,56,8,17,19,27,12,23,14,11,13,1,11,26,56,9,23,5,8,8,21,8,18,5,5,21
2012,143,1393,64,1458,63,N,0,27,49,5,9,5,9,7,19,5,6,4,1,13,21,49,14,27,7,12,8,17,15,6,2,2,12
2012,144,1124,75,1462,70,N,0,29,57,5,15,12,14,10,25,21,13,7,3,17,24,56,3,15,19,24,11,18,10,10,7,4,15
2012,144,1242,60,1301,57,N,0,24,64,1,14,11,20,20,30,13,14,9,11,14,19,67,6,21,13,17,21,26,10,14,7,6,17
2012,144,1246,102,1231,90,N,0,31,64,5,10,35,37,15,24,12,6,3,4,18,36,69,5,18,13,17,12,19,16,8,3,2,27
2012,144,1314,73,1325,65,N,1,26,65,7,22,14,24,22,41,18,24,4,8,13,23,71,12,32,7,8,7,23,17,13,13,3,22
2012,145,1257,72,1196,68,N,0,27,60,6,16,12,15,8,22,11,6,6,3,21,24,48,8,20,12,18,6,26,17,14,4,3,15
2012,145,1326,77,1393,70,N,0,21,51,4,13,31,42,14,25,10,12,4,3,20,22,53,6,16,20,25,8,18,9,12,6,7,29
2012,146,1242,80,1314,67,N,0,29,63,4,14,18,24,11,30,14,8,9,3,16,28,64,2,17,9,12,8,27,18,10,5,6,17
2012,146,1246,82,1124,70,N,0,24,45,4,9,30,44,8,24,15,13,9,9,19,25,64,4,14,16,19,16,18,15,14,5,5,32
2012,152,1242,64,1326,62,N,0,25,56,3,11,11,14,12,30,14,17,5,8,15,20,59,8,22,14,15,10,20,11,12,7,7,17
2012,152,1246,69,1257,61,N,0,28,49,2,7,11,20,6,27,9,14,7,7,14,24,69,4,11,9,13,19,21,7,12,5,4,16
2012,154,1246,67,1242,59,N,0,23,56,6,14,15,21,12,31,12,11,4,11,15,22,62,5,11,10,15,11,24,9,9,6,5,16
2013,134,1299,73,1251,72,N,0,27,52,8,18,11,19,6,27,10,8,6,4,19,23,54,10,23,16,18,6,24,15,10,4,3,17
2013,134,1388,67,1292,54,N,0,21,46,8,14,17,25,8,25,9,7,3,0,15,22,52,4,12,6,7,6,22,14,9,4,3,20
2013,135,1241,68,1254,55,N,0,26,56,8,23,8,12,14,25,17,11,3,10,16,21,59,3,16,10,14,16,19,11,11,7,1,12
2013,135,1247,80,1129,71,N,0,31,49,11,21,7,12,3,19,16,10,4,1,16,26,53,7,18,12,18,11,18,14,10,3,1,13
2013,136,1112,81,1125,64,N,0,29,51,9,17,14,20,12,32,13,16,2,5,21,20,51,8,27,16,23,4,14,7,8,7,0,20
2013,136,1139,68,1137,56,N,0,20,55,3,17,25,28,10,31,8,5,6,3,12,23,62,5,16,5,8,9,28,13,9,0,4,20
2013,136,1143,64,1424,61,N,0,26,59,5,11,7,16,8,33,18,11,7,5,19,19,59,6,20,17,26,12,30,11,12,3,6,20
2013,136,1161,84,1281,72,N,0,25,51,7,14,27,33,12,30,10,14,1,3,17,24,57,7,23,17,19,3,16,13,5,6,3,24
2013,136,1211,64,1380,58,N,0,23,55,8,20,10,15,11,29,14,10,6,0,16,18,46,10,23,12,18,3,24,10,10,4,8,12
2013,136,1217,68,1307,62,N,0,22,42,8,18,16,20,3,23,11,13,3,3,20,21,56,3,14,17,24,16,18,8,11,12,1,17
2013,136,1257,79,1299,48,N,0,31,54,4,16,13,22,12,19,14,16,20,2,13,17,41,6,16,8,10,5,15,7,27,8,0,18
2013,136,1266,59,1172,58,N,0,20,58,4,15,15,19,17,24,5,9,5,4,20,19,46,6,17,14,22,7,22,12,11,2,4,17
2013,136,1272,54,1388,52,N,0,20,49,5,15,9,18,10,25,12,15,9,12,18,19,58,3,15,11,14,15,24,9,13,4,0,19
2013,136,1276,71,1355,56,N,0,28,55,9,20,6,9,8,21,12,9,6,3,8,23,52,4,19,6,8,8,21,13,12,3,0,10
2013,136,1277,65,1434,54,N,0,26,58,6,15,7,11,20,29,16,17,6,3,16,19,54,7,25,9,14,8,15,10,7,12,5,12
2013,136,1332,68,1329,55,N,0,23,59,8,22,14,21,14,30,12,18,8,3,19,21,52,5,17,8,15,6,26,12,14,8,3,23
2013,136,1387,64,1308,44,N,0,25,54,4,11,10,14,10,23,17,10,10,3,15,17,61,2,16,8,13,21,21,10,16,9,7,12
2013,136,1393,81,1285,34,N,0,27,52,5,11,22,31,8,32,21,8,12,5,8,11,54,4,31,8,12,11,22,5,17,5,6,22
2013,136,1433,88,1103,42,N,0,35,65,8,16,10,14,13,23,15,7,11,0,17,15,43,1,13,11,19,9,20,5,22,2,6,12
2013,136,1455,73,1338,55,N,0,19,49,2,20,33,41,11,26,11,11,10,1,20,19,54,1,17,16,20,11,21,8,15,5,5,27
2013,137,1166,67,1153,63,N,0,19,42,7,15,22,25,7,25,16,16,2,2,11,27,64,5,20,4,9,14,17,12,9,9,4,21
2013,137,1181,73,1107,61,N,0,27,46,4,11,15,21,5,23,17,11,9,3,18,19,52,9,15,14,16,10,16,14,13,7,2,19
2013,137,1195,78,1207,68,N,0,21,49,6,15,30,44,7,32,15,13,5,3,18,24,64,7,27,13,20,11,28,15,14,6,4,33
2013,137,1196,79,1322,47,N,0,29,61,7,21,14,23,16,27,13,8,10,2,12,18,50,3,16,8,11,6,20,9,15,2,3,19
2013,137,1228,57,1160,49,N,0,16,52,8,31,17,24,11,26,10,12,8,4,12,17,51,5,19,10,13,8,28,7,15,5,5,20
2013,137,1231,83,1241,62,N,0,29,55,9,23,16,21,12,26,17,9,3,3,8,26,62,8,20,2,4,11,17,7,10,1,3,21
2013,137,1235,76,1323,58,N,0,29,59,9,21,9,12,5,22,19,6,4,1,13,22,51,4,17,10,13,9,26,9,17,2,2,11
2013,137,1242,64,1443,57,N,0,20,42,0,6,24,30,4,31,11,17,4,9,15,21,66,3,20,12,18,18,23,8,10,9,0,24
2013,137,1247,63,1243,61,N,0,21,49,7,18,14,16,8,22,12,8,4,5,13,24,57,4,13,9,17,15,21,12,9,6,7,14
2013,137,1274,78,1334,49,N,0,24,52,12,22,18,21,10,31,12,11,7,4,14,18,54,9,26,4,11,10,18,9,14,2,1,16
2013,137,1278,83,1417,63,N,0,31,61,9,16,12,19,11,25,19,11,7,3,19,20,63,4,22,19,25,19,23,10,15,5,2,19
2013,137,1279,57,1458,46,N,0,22,57,3,15,10,16,12,31,8,10,6,6,12,15,59,7,30,9,13,15,25,10,11,7,7,16
2013,137,1314,78,1437,71,N,0,24,49,11,21,19,27,6,22,18,17,10,2,14,27,61,4,21,13,19,15,22,6,16,9,2,22
2013,137,1326,95,1233,70,N,0,34,71,7,15,20,25,13,31,25,10,8,7,17,23,65,6,28,18,21,14,26,13,19,4,2,18
2013,137,1361,70,1328,55,N,0,24,56,6,15,16,17,11,29,15,11,5,3,11,23,58,5,21,4,8,8,21,10,9,6,2,20
2013,137,1396,76,1301,72,N,0,24,50,7,18,21,33,4,20,13,5,5,4,15,29,52,4,13,10,16,7,27,14,13,3,2,24
2013,138,1112,74,1217,51,N,0,27,49,9,15,11,16,3,36,13,12,4,2,20,16,58,5,18,14,19,11,22,12,8,7,1,14
2013,138,1257,82,1161,56,N,0,31,55,5,9,15,18,10,19,14,9,11,2,24,19,40,5,12,13,21,7,17,4,20,0,4,19
2013,138,1266,74,1139,72,N,0,23,54,5,12,23,27,14,21,9,15,9,4,17,24,56,11,24,13,19,12,21,13,15,7,8,20
2013,138,1276,78,1433,53,N,0,31,60,6,20,10,11,12,29,17,12,7,0,7,23,58,3,16,4,6,7,17,6,11,9,2,14
2013,138,1277,70,1272,48,N,0,26,52,4,16,14,22,14,35,14,18,10,7,14,19,64,5,23,5,10,11,18,8,11,7,5,18
2013,138,1332,74,1387,57,N,0,28,53,8,11,10,16,9,29,18,18,10,4,19,20,53,3,21,14,22,6,21,11,12,10,2,15
2013,138,1393,66,1143,60,N,0,18,46,4,10,26,41,14,23,7,15,10,3,16,22,56,4,21,12,19,13,21,14,17,6,2,24
2013,138,1455,76,1211,70,N,0,25,50,14,28,12,18,10,20,16,15,8,6,22,21,59,8,23,20,29,21,18,13,13,8,2,17
2013,139,1181,66,1166,50,N,0,19,49,7,20,21,28,7,31,9,9,7,4,20,16,53,2,19,16,18,7,26,9,10,2,2,26
2013,139,1195,81,1361,71,N,0,33,59,7,18,8,12,9,22,21,13,13,5,13,27,61,8,23,9,13,14,20,16,17,10,6,11
2013,139,1196,78,1278,64,N,0,21,37,10,20,26,36,6,20,13,14,7,3,18,20,50,8,18,16,22,13,16,11,14,4,1,25
2013,139,1231,58,1396,52,N,0,19,45,4,13,16,20,4,28,9,12,0,2,8,21,62,3,24,7,8,14,21,8,10,5,4,18
2013,139,1242,70,1314,58,N,0,24,55,5,14,17,21,15,35,11,22,7,5,11,22,73,6,21,8,10,16,20,10,11,15,1,20
2013,139,1247,76,1279,74,N,0,27,55,9,23,13,18,9,21,14,12,8,4,19,30,63,4,19,10,21,18,22,14,13,5,4,18
2013,139,1274,63,1228,59,N,0,22,55,9,25,10,15,13,22,12,6,4,2,10,23,61,7,27,6,7,16,22,7,8,2,3,17
2013,139,1326,78,1235,75,N,0,25,49,9,18,19,26,3,19,12,9,7,2,20,23,52,12,25,17,23,12,24,14,16,4,0,20
2013,143,1266,71,1274,61,N,0,27,50,3,6,14,19,10,26,14,11,3,3,11,22,63,8,26,9,12,15,16,12,8,3,3,15
2013,143,1326,73,1112,70,N,0,22,52,7,13,22,26,11,21,9,8,4,3,18,23,52,6,18,18,20,9,21,7,11,6,2,20
2013,143,1393,61,1231,50,N,0,21,48,4,10,15,20,7,25,4,14,11,11,17,16,47,3,15,15,24,11,23,8,18,6,2,18
2013,143,1455,72,1247,58,N,0,30,67,5,12,7,9,17,30,12,8,4,8,13,20,56,7,18,11,16,9,20,8,9,5,2,13
2013,144,1181,71,1277,61,N,0,20,49,7,18,24,26,5,24,8,8,3,5,17,20,50,3,12,18,24,8,25,6,11,6,4,24
2013,144,1196,62,1195,50,N,0,22,57,4,15,14,23,15,20,12,10,11,3,11,20,44,4,11,6,11,6,22,11,20,7,3,20
2013,144,1257,77,1332,69,N,0,28,52,4,13,17,26,9,25,10,13,7,5,19,27,61,5,14,10,17,12,23,12,12,7,3,22
2013,144,1276,87,1242,85,N,1,35,71,8,23,9,17,14,24,18,10,7,1,12,36,66,6,16,7,10,7,28,21,13,5,8,17
2013,145,1393,55,1266,39,N,0,19,50,5,17,12,19,11,26,8,6,9,8,11,12,53,3,25,12,16,19,25,10,13,5,6,16
2013,145,1455,70,1326,66,N,0,22,59,8,20,18,23,13,27,9,12,8,9,23,19,61,5,25,23,29,11,26,7,9,5,8,22
2013,146,1257,85,1181,63,N,0,29,55,2,13,25,36,11,26,8,8,10,9,23,19,52,4,16,21,28,11,20,11,12,4,2,23
2013,146,1276,79,1196,59,N,0,30,65,10,19,9,13,9,26,18,11,13,5,13,23,56,2,10,11,17,9,27,13,15,7,3,11
2013,152,1257,72,1455,68,N,0,22,49,9,25,19,29,11,22,10,9,8,3,23,22,54,6,20,18,24,14,22,13,11,5,1,20
2013,152,1276,61,1393,56,N,0,21,53,8,24,11,20,13,24,17,10,5,3,11,23,55,3,14,7,11,10,23,13,10,7,4,19
2013,154,1257,82,1276,76,N,0,28,61,8,16,18,23,15,17,18,9,9,3,22,25,48,8,18,18,25,8,19,12,12,3,2,15
2014,134,1107,71,1291,64,N,0,27,47,2,9,15,19,6,36,12,14,3,1,13,22,60,12,37,8,12,6,17,13,4,3,1,16
2014,134,1301,74,1462,59,N,0,29,53,4,14,12,16,6,23,16,9,4,9,14,23,55,2,14,11,16,11,20,7,13,3,0,17
2014,135,1142,81,1411,69,N,0,29,51,6,15,17,22,10,18,15,10,4,4,20,24,50,4,13,17,22,11,16,12,13,3,1,23
2014,135,1397,78,1234,65,N,1,24,54,5,21,25,30,10,27,13,8,2,1,14,24,58,4,16,13,15,7,23,14,6,2,2,28
2014,136,1163,89,1386,81,N,1,30,66,11,24,18,20,12,22,13,9,6,2,21,27,54,7,21,20,27,9,24,12,14,3,2,22
2014,136,1173,60,1326,59,N,0,22,49,3,13,13,17,4,24,12,13,10,0,14,24,50,3,12,8,12,3,25,12,14,10,4,16
2014,136,1196,67,1107,55,N,0,25,49,3,12,14,18,5,25,11,10,7,5,14,20,51,4,13,11,14,6,21,10,10,4,2,15
2014,136,1217,61,1153,57,N,0,19,44,6,17,17,28,9,24,9,12,4,3,15,21,57,4,12,11,16,16,18,5,11,6,6,20
2014,136,1257,71,1264,64,N,0,20,55,4,13,27,35,16,26,10,12,11,8,18,23,51,3,5,15,21,7,24,11,15,8,5,27
2014,136,1276,57,1459,40,N,0,22,46,7,17,6,9,6,25,15,11,8,1,8,18,53,1,19,3,4,8,18,10,9,3,0,14
2014,136,1277,93,1174,78,N,0,30,56,10,19,23,25,10,32,16,14,4,2,27,20,55,8,20,30,39,7,17,7,8,4,1,19
2014,136,1295,80,1328,75,N,1,27,51,6,14,20,22,6,32,12,15,5,6,20,25,72,12,30,13,18,18,19,14,10,5,3,16
2014,136,1332,87,1140,68,N,0,27,54,2,13,31,38,8,29,21,8,4,4,22,20,61,5,19,23,30,12,20,14,9,4,0,25
2014,136,1338,77,1160,48,N,0,31,61,4,14,11,12,9,24,18,3,12,3,13,15,42,4,16,14,18,7,22,5,17,2,0,12
2014,136,1361,73,1308,69,N,1,23,59,6,17,21,27,10,30,9,11,8,9,18,26,65,5,16,12,20,14,27,13,13,4,4,22
2014,136,1387,83,1301,80,N,1,31,64,9,18,12,26,9,32,16,9,7,4,26,28,60,4,9,20,37,10,33,10,12,7,5,20
2014,136,1393,77,1444,53,N,0,28,57,7,17,14,17,13,28,16,12,8,6,21,17,49,4,18,15,20,8,17,12,13,4,1,16
2014,136,1400,87,1113,85,N,0,31,58,5,12,20,27,10,20,17,9,6,5,24,27,56,8,15,23,33,11,21,17,10,2,1,18
2014,136,1437,73,1454,53,N,0,28,62,4,23,13,16,12,34,13,11,8,10,17,18,63,6,24,11,15,13,24,13,12,4,2,14
2014,136,1458,75,1110,35,N,0,26,52,10,23,13,14,6,25,13,7,9,1,15,11,37,4,15,9,15,4,20,8,17,5,0,16
2014,137,1112,68,1451,59,N,0,26,47,7,14,9,16,7,24,15,12,4,12,20,16,53,7,17,20,23,13,19,7,10,8,3,17
2014,137,1124,74,1304,60,N,0,17,42,2,13,38,48,9,28,9,12,7,2,16,23,54,4,21,10,16,5,20,7,11,9,7,31
2014,137,1166,76,1418,66,N,0,28,54,9,23,11,21,6,30,18,6,0,3,17,25,66,4,16,12,17,13,23,8,4,3,5,18
2014,137,1211,85,1329,77,N,0,25,50,9,18,26,41,7,30,13,15,5,1,28,26,65,3,15,22,37,17,23,13,12,10,2,33
2014,137,1235,93,1300,75,N,0,35,55,9,17,14,16,10,24,21,9,5,5,14,30,65,5,16,10,12,13,11,12,6,3,5,13
2014,137,1242,80,1184,69,N,0,32,53,0,7,16,24,14,29,17,14,2,7,14,22,57,12,31,13,16,8,11,14,7,8,1,21
2014,137,1246,56,1243,49,N,0,19,50,4,15,14,21,13,27,8,15,4,7,11,19,53,5,21,6,12,9,19,8,10,7,3,20
2014,137,1272,71,1203,66,N,0,27,55,6,22,11,16,15,21,19,12,8,4,20,25,56,2,12,14,24,16,17,8,10,9,2,16
2014,137,1273,78,1181,71,N,0,25,45,5,13,23,28,3,24,16,8,3,0,15,22,62,15,37,12,13,16,19,15,12,6,1,22
2014,137,1314,79,1344,77,N,0,33,71,4,15,9,13,21,19,15,9,7,4,19,28,53,4,16,17,21,9,17,12,10,4,8,14
2014,137,1372,77,1433,75,N,1,27,51,6,16,17,23,10,25,16,17,6,2,16,30,65,8,21,7,11,11,18,13,11,11,5,21
2014,137,1390,58,1307,53,N,0,19,49,8,15,12,17,5,30,10,10,6,5,20,19,52,4,21,11,19,9,28,12,10,2,2,18
2014,137,1397,86,1269,67,N,0,30,56,2,14,24,31,10,27,16,12,8,3,13,28,66,3,11,8,11,14,19,12,13,8,1,21
2014,137,1417,76,1409,59,N,0,29,63,5,16,13,15,13,23,17,10,11,5,13,21,57,7,19,10,14,12,21,14,16,2,2,18
2014,137,1438,70,1157,59,N,0,21,40,8,17,20,25,0,28,16,7,4,5,16,21,50,9,19,8,14,5,23,13,8,5,2,19
2014,137,1455,64,1142,37,N,0,23,50,6,19,12,21,11,35,17,12,4,6,17,12,58,5,28,8,18,13,21,5,6,7,1,17
2014,138,1163,77,1437,65,N,0,23,52,9,20,22,28,7,29,10,11,11,2,17,18,51,11,31,18,24,6,24,10,16,6,2,24
2014,138,1173,55,1393,53,N,0,19,46,7,16,10,18,11,24,12,14,7,4,16,21,54,0,10,11,14,11,20,4,9,6,7,16
2014,138,1196,61,1338,45,N,0,25,58,5,20,6,9,14,24,9,6,10,5,7,19,51,4,17,3,6,10,21,14,11,4,2,12
2014,138,1257,66,1387,51,N,0,22,49,6,17,16,24,10,27,14,19,9,5,18,21,53,0,15,9,16,9,21,10,18,9,0,19
2014,138,1276,79,1400,65,N,0,24,54,14,28,17,21,11,19,16,4,5,2,12,23,62,4,11,15,16,21,20,14,9,3,3,16
2014,138,1277,80,1217,73,N,0,28,57,7,21,17,22,10,24,17,11,9,1,20,22,53,6,17,23,30,8,24,8,11,4,3,17
2014,138,1361,63,1295,44,N,0,19,44,7,16,18,24,8,30,8,6,4,2,16,15,47,2,11,12,17,7,20,5,6,1,2,17
2014,138,1458,85,1332,77,N,0,29,60,11,28,16,25,14,22,15,8,1,1,17,24,49,8,18,21,23,3,23,9,8,5,1,23
2014,139,1112,84,1211,61,N,0,32,65,7,18,13,18,7,21,24,6,15,8,18,22,54,6,16,11,13,11,28,13,21,3,5,14
2014,139,1124,85,1166,55,N,0,30,47,11,18,14,21,5,27,19,8,2,3,11,22,55,5,24,6,9,8,14,11,8,4,0,19
2014,139,1235,85,1314,83,N,0,29,66,12,26,15,21,11,26,16,14,6,1,17,33,70,8,20,9,15,12,26,10,12,8,4,21
2014,139,1246,78,1455,76,N,0,27,50,8,18,16,22,10,22,11,11,6,3,15,27,49,10,21,12,18,4,19,14,9,6,3,21
2014,139,1390,60,1242,57,N,0,21,47,0,9,18,26,8,29,6,16,10,4,15,19,58,5,16,14,18,13,22,7,14,9,2,22
2014,139,1397,83,1273,63,N,0,27,55,6,22,23,26,18,23,15,7,2,0,14,24,53,8,22,7,9,7,12,11,6,3,4,21
2014,139,1417,77,1372,60,N,0,29,53,4,14,15,23,4,26,22,3,3,3,17,20,57,7,27,13,16,12,24,11,8,1,1,23
2014,139,1438,78,1272,60,N,0,30,54,5,11,13,16,6,34,13,10,3,6,16,24,59,3,13,9,21,8,20,16,6,7,3,14
2014,143,1112,70,1361,64,N,0,23,48,5,12,19,25,10,19,14,7,2,4,16,21,54,4,14,18,23,18,19,4,10,2,2,20
2014,143,1173,82,1390,72,N,0,28,58,8,23,18,26,10,25,19,10,8,1,25,22,58,5,21,23,33,15,20,10,12,7,5,24
2014,143,1196,79,1417,68,N,0,29,58,8,21,13,18,10,30,22,12,4,5,15,27,64,3,18,11,15,8,22,12,8,8,4,19
2014,143,1458,69,1124,52,N,0,26,51,6,16,11,20,8,31,18,10,1,6,16,18,57,2,15,14,18,11,22,10,6,5,3,16
2014,144,1163,81,1235,76,N,0,26,50,9,19,20,22,5,26,9,9,5,4,15,32,69,6,16,6,15,17,19,14,9,4,3,17
2014,144,1246,74,1257,69,N,0,24,55,4,14,22,27,15,22,8,12,5,2,19,26,53,4,15,13,23,11,18,11,10,6,3,24
2014,144,1276,73,1397,71,N,0,27,49,11,20,8,10,6,20,14,13,5,1,13,30,57,3,11,8,14,11,17,11,7,7,8,13
2014,144,1277,61,1438,59,N,0,21,47,5,14,14,18,7,25,13,10,5,4,16,20,57,6,18,13,17,14,21,10,6,5,4,16
2014,145,1196,62,1173,52,N,0,18,48,5,15,21,28,12,25,10,7,5,5,10,19,48,8,18,6,8,5,21,11,9,5,5,19
2014,145,1458,64,1112,63,N,1,24,61,6,17,10,12,13,25,11,8,3,0,15,23,59,5,12,12,17,13,26,8,7,2,5,17
2014,146,1163,60,1277,54,N,0,17,49,5,22,21,22,7,23,8,8,7,3,12,18,46,11,29,7,8,6,26,13,16,5,3,16
2014,146,1246,75,1276,72,N,0,31,58,7,11,6,11,17,18,8,11,2,6,14,27,57,7,18,11,14,14,10,11,7,4,1,14
2014,152,1163,63,1196,53,N,0,24,43,5,12,10,13,5,23,12,13,6,4,16,19,49,1,10,14,20,12,15,3,11,3,1,14
2014,152,1246,74,1458,73,N,0,29,58,2,5,14,21,11,21,9,4,4,1,17,23,50,8,20,19,20,6,21,11,8,4,3,18
2014,154,1163,60,1246,54,N,0,22,53,6,19,10,10,8,26,8,10,9,4,17,18,46,5,16,13,24,10,23,11,13,6,5,10
2015,134,1214,74,1264,64,N,0,26,53,3,7,19,34,6,31,20,14,6,3,19,23,62,6,25,12,21,12,29,15,17,5,3,25
2015,134,1279,94,1140,90,N,0,36,80,7,23,15,23,16,27,24,7,7,6,21,28,58,15,29,19,27,6,33,22,15,0,2,23
2015,135,1173,56,1129,55,N,0,20,42,7,21,9,14,3,22,13,11,4,1,14,22,55,6,20,5,10,12,21,10,9,5,1,18
2015,135,1352,81,1316,77,N,0,28,62,4,16,21,33,11,20,11,5,12,2,21,25,52,9,22,18,26,13,29,15,19,1,4,23
2015,136,1112,93,1411,72,N,0,32,53,5,11,24,27,12,23,13,12,8,3,23,24,51,5,12,19,30,8,11,5,9,5,3,19
2015,136,1116,56,1459,53,N,0,22,48,3,8,9,16,8,27,13,10,4,3,16,18,57,7,24,10,16,14,23,7,8,5,1,15
2015,136,1139,56,1400,48,N,0,16,48,4,13,20,28,5,23,11,5,5,4,13,17,50,6,19,8,12,12,29,7,15,4,5,22
2015,136,1153,66,1345,65,N,1,25,61,4,10,12,21,11,27,9,9,8,5,16,26,72,4,26,9,15,21,30,13,12,5,1,18
2015,136,1207,84,1186,74,N,0,25,48,11,23,23,32,10,26,10,14,5,3,18,26,64,9,28,13,15,10,18,6,9,3,2,21
2015,136,1209,57,1124,56,N,0,22,54,5,16,8,13,9,13,12,6,13,2,13,19,43,7,19,11,13,12,28,14,21,2,1,13
2015,136,1246,79,1214,56,N,0,28,61,3,10,20,28,13,38,15,13,7,5,18,17,59,4,16,18,23,6,25,2,11,9,3,22
2015,136,1301,66,1261,65,N,0,28,66,5,24,5,7,11,28,11,11,2,2,15,24,60,5,15,12,22,13,28,14,8,5,6,10
2015,136,1314,67,1217,65,N,0,27,49,5,7,8,13,12,23,14,17,2,2,18,21,55,5,13,18,20,12,14,9,7,9,2,16
2015,136,1323,69,1318,65,N,0,27,47,2,6,13,18,2,15,19,7,9,4,13,27,55,3,11,8,10,13,20,15,16,2,0,12
2015,136,1326,75,1433,72,N,1,28,57,6,15,13,22,8,24,16,11,5,7,17,24,63,10,26,14,19,13,24,14,11,4,2,17
2015,136,1412,60,1235,59,N,0,24,69,3,18,9,11,19,33,9,13,7,5,10,24,65,6,23,5,7,9,28,12,11,9,9,15
2015,136,1417,60,1374,59,N,0,20,47,10,20,10,14,7,27,10,18,4,5,17,20,55,7,16,12,20,10,23,12,9,11,4,14
2015,136,1428,57,1372,50,N,0,18,38,5,13,16,21,4,22,11,17,7,7,12,17,51,5,26,11,13,11,18,9,12,7,1,18
2015,136,1437,93,1248,52,N,0,36,57,11,22,10,15,8,25,22,8,8,6,10,21,55,4,18,6,7,10,15,15,15,2,1,11
2015,136,1462,76,1279,57,N,0,26,56,10,23,14,21,8,30,17,10,6,4,14,24,73,6,27,3,5,16,22,16,8,7,4,21
2015,137,1173,66,1344,53,N,0,18,42,8,23,22,30,3,29,9,12,8,4,14,20,59,10,26,3,7,13,26,9,16,4,1,21
2015,137,1181,85,1352,56,N,0,34,54,10,21,7,14,9,31,28,11,7,3,8,24,66,6,19,2,4,12,16,13,8,6,1,17
2015,137,1211,86,1295,76,N,0,30,58,7,22,19,28,11,24,16,9,5,3,13,29,54,10,21,8,12,3,21,5,13,3,3,22
2015,137,1234,83,1172,52,N,0,35,69,6,16,7,10,14,32,12,5,3,5,11,21,63,6,28,4,10,10,20,13,6,1,4,15
2015,137,1242,75,1308,56,N,0,27,50,9,13,12,15,10,26,16,14,7,3,17,20,56,5,15,11,16,14,15,8,11,10,3,15
2015,137,1257,57,1414,55,N,0,23,55,5,15,6,6,9,16,9,9,4,2,11,24,52,5,14,2,2,9,20,10,14,5,2,10
2015,137,1268,65,1434,62,N,0,19,40,9,21,18,24,4,30,9,11,5,5,19,20,56,12,27,10,18,11,20,12,9,5,1,19
2015,137,1277,70,1208,63,N,0,26,57,7,18,11,19,5,30,18,9,8,3,22,19,57,4,14,21,26,12,31,8,12,4,2,19
2015,137,1320,71,1461,54,N,0,23,50,9,18,16,18,8,21,10,7,9,1,14,21,46,9,22,3,9,4,18,14,12,2,3,17
2015,137,1328,69,1107,60,N,0,25,57,7,24,12,16,14,26,10,9,5,6,14,23,61,8,25,6,10,14,20,15,7,6,1,16
2015,137,1332,79,1329,73,N,0,29,53,7,19,14,18,3,25,11,12,9,6,12,27,60,10,29,9,13,9,22,11,12,8,0,17
2015,137,1361,76,1385,64,N,0,25,53,9,22,17,30,13,27,12,13,5,3,12,27,59,3,17,7,11,7,25,6,10,7,2,21
2015,137,1438,79,1125,67,N,0,26,57,6,17,21,25,11,24,11,7,5,3,10,27,57,8,25,5,6,6,23,12,12,4,2,22
2015,137,1452,68,1138,62,N,0,22,49,5,16,19,27,9,22,11,12,7,1,25,20,44,6,16,16,25,8,22,12,17,4,3,24
2015,137,1455,81,1231,76,N,0,25,61,2,13,29,34,15,24,9,7,9,6,17,24,59,11,22,17,20,12,25,10,13,3,3,26
2015,137,1458,86,1157,72,N,0,33,61,11,27,9,12,12,24,14,9,5,1,11,28,58,7,12,9,11,7,18,9,6,8,1,14
2015,138,1112,73,1326,58,N,0,23,63,7,19,20,24,18,25,14,8,9,4,13,20,52,5,17,13,15,7,19,9,12,4,3,17
2015,138,1246,64,1153,51,N,0,20,54,4,15,20,28,12,26,10,7,7,9,15,20,63,2,14,9,14,21,24,5,14,4,6,22
2015,138,1301,71,1437,68,N,0,24,53,3,11,20,27,13,32,11,10,2,4,21,19,61,9,28,21,23,12,20,7,5,5,3,22
2015,138,1314,87,1116,78,N,0,27,60,4,10,29,37,17,25,14,16,13,3,25,24,65,8,25,22,27,20,19,17,21,9,3,23
2015,138,1323,67,1139,64,N,1,22,51,6,20,17,22,9,31,9,13,4,8,16,21,63,4,13,18,21,13,23,8,7,8,5,15
2015,138,1417,92,1412,75,N,0,35,58,5,9,17,25,15,26,17,13,4,4,16,29,66,12,26,5,10,12,14,17,8,5,3,21
2015,138,1428,75,1207,64,N,0,22,38,8,14,23,32,4,21,12,9,3,3,14,24,55,9,25,7,9,10,17,9,9,6,1,24
2015,138,1462,75,1209,67,N,0,23,34,7,13,22,25,5,18,13,14,3,2,17,26,46,6,14,9,13,4,8,17,8,8,2,22
2015,139,1181,68,1361,49,N,0,30,55,6,14,2,2,5,28,16,9,7,6,12,19,58,2,13,9,11,13,20,5,11,6,5,8
2015,139,1211,87,1234,68,N,0,32,52,10,16,13,21,7,27,20,11,4,2,11,28,60,5,15,7,10,7,15,10,11,4,3,17
2015,139,1257,66,1320,53,N,0,22,48,5,11,17,21,10,20,11,7,2,5,16,18,46,6,19,11,13,8,17,9,10,2,1,20
2015,139,1277,60,1438,54,N,0,17,40,6,12,20,33,7,25,7,6,4,7,19,17,57,2,17,18,26,18,21,6,5,2,3,18
2015,139,1328,72,1173,66,N,0,22,49,9,18,19,24,10,25,13,15,9,3,15,22,51,11,21,11,13,4,19,12,13,8,2,20
2015,139,1452,69,1268,59,N,0,24,60,7,19,14,19,14,18,11,10,15,1,20,21,44,8,19,9,13,8,24,7,23,4,7,19
2015,139,1455,78,1242,65,N,0,25,51,10,20,18,24,5,27,13,12,10,3,20,20,57,6,21,19,23,14,24,8,14,8,1,23
2015,139,1458,72,1332,65,N,0,22,51,7,23,21,29,10,22,11,6,3,3,13,26,59,8,19,5,7,10,24,13,8,3,4,20
2015,143,1112,68,1462,60,N,0,22,54,7,22,17,19,10,23,10,8,9,1,14,22,51,3,17,13,16,8,23,9,12,7,3,16
2015,143,1246,78,1452,39,N,0,24,50,4,15,26,32,11,33,13,10,7,7,21,13,54,2,15,11,19,13,19,7,13,4,3,29
2015,143,1323,81,1455,70,N,0,30,54,9,19,12,15,6,26,18,11,4,4,14,26,65,3,18,15,19,15,21,9,7,6,3,16
2015,143,1458,79,1314,72,N,0,26,56,7,21,20,23,12,23,13,5,3,0,18,26,56,8,13,12,18,9,19,12,4,3,1,20
2015,144,1181,63,1428,57,N,0,20,45,3,9,20,26,8,23,5,14,6,4,16,21,60,4,16,11,15,18,18,8,15,8,4,21
2015,144,1211,74,1417,62,N,0,27,67,3,19,17,23,18,32,15,5,5,4,18,26,67,3,13,7,11,12,27,12,7,4,7,22
2015,144,1257,75,1301,65,N,0,27,54,3,12,18,27,7,27,15,5,5,4,13,23,60,9,20,10,14,11,25,10,7,3,3,19
2015,144,1277,62,1328,58,N,0,22,57,9,27,9,16,15,21,9,5,1,1,16,20,55,4,17,14,16,14,24,7,7,2,4,16
2015,145,1246,68,1323,66,N,0,25,47,4,8,14,20,10,19,8,11,4,9,12,26,56,4,14,10,13,13,15,16,7,5,1,14
2015,145,1458,85,1112,78,N,0,25,45,12,18,23,31,4,17,11,9,5,1,21,24,43,2,6,28,30,3,19,8,10,5,1,22
2015,146,1181,66,1211,52,N,0,21,56,8,19,16,19,9,22,10,3,8,2,12,22,50,2,10,6,9,8,27,8,13,1,3,15
2015,146,1277,76,1257,70,N,1,26,60,9,23,15,20,10,31,20,12,5,7,22,23,64,4,11,20,29,15,26,10,9,6,6,16
2015,152,1181,81,1277,61,N,0,26,50,2,10,27,37,7,29,10,8,9,4,18,22,55,7,20,10,16,9,24,10,14,4,3,28
2015,152,1458,71,1246,64,N,0,23,48,7,17,18,22,12,22,10,10,1,2,14,26,54,3,5,9,10,6,16,7,6,5,4,20
2015,154,1181,68,1458,63,N,0,24,51,4,11,16,20,6,27,7,5,4,6,13,25,61,7,21,6,10,11,24,13,5,3,1,15
2016,134,1195,96,1192,65,N,0,34,57,8,23,20,34,10,42,27,18,6,4,18,23,70,8,23,11,18,9,24,16,9,9,1,26
2016,134,1455,70,1435,50,N,0,22,59,7,19,19,25,9,34,12,7,5,2,22,16,53,3,19,15,26,9,29,9,12,1,5,23
2016,135,1221,59,1380,55,N,0,18,40,9,25,14,19,2,27,14,14,3,1,13,22,56,3,20,8,11,9,24,10,9,4,2,20
2016,135,1276,67,1409,62,N,0,24,59,6,25,13,16,12,26,10,8,5,6,14,25,56,3,15,9,15,10,26,10,11,5,6,15
2016,136,1114,85,1345,83,N,2,30,77,9,27,16,28,15,30,9,9,13,0,22,26,62,9,28,22,28,10,42,17,18,2,7,23
2016,136,1139,71,1403,61,N,0,25,51,9,17,12,16,8,26,14,14,10,2,14,25,54,7,18,4,9,6,22,14,14,8,4,16
2016,136,1163,74,1160,67,N,0,23,58,6,17,22,23,11,25,8,10,8,8,26,23,51,2,10,19,30,9,24,8,12,5,3,22
2016,136,1181,93,1423,85,N,0,29,54,4,15,31,43,12,28,11,10,4,8,18,30,68,11,26,14,19,13,21,10,9,5,3,33
2016,136,1211,68,1371,52,N,0,24,56,6,17,14,21,12,36,12,20,7,2,19,20,62,4,21,8,21,13,21,8,12,11,1,21
2016,136,1231,99,1151,74,N,0,37,57,10,16,15,19,8,22,23,12,10,5,16,28,59,3,17,15,18,9,15,9,15,7,2,19
2016,136,1235,94,1233,81,N,0,32,64,10,22,20,25,7,28,17,10,9,5,17,31,64,7,24,12,18,9,28,12,13,6,3,20
2016,136,1242,105,1122,79,N,0,39,70,6,16,21,27,14,27,23,10,8,9,27,25,61,4,15,25,37,15,22,6,12,8,0,23
2016,136,1246,85,1392,57,N,0,33,63,4,13,15,17,10,34,14,10,9,15,17,20,76,3,13,14,18,25,21,10,14,6,3,14
2016,136,1274,79,1138,72,N,0,24,54,5,15,26,34,11,33,9,14,5,6,18,23,59,10,26,16,22,8,23,8,10,4,1,26
2016,136,1314,83,1195,67,N,0,31,73,7,21,14,19,18,23,13,7,8,10,19,25,58,2,11,15,24,15,28,10,14,6,5,19
2016,136,1344,70,1425,69,N,0,25,62,9,24,11,14,8,23,17,6,5,3,15,28,52,6,13,7,13,5,30,13,12,6,2,14
2016,136,1428,80,1201,69,N,0,27,50,7,18,19,22,15,23,16,20,11,1,11,26,53,7,18,10,12,5,10,8,14,15,3,23
2016,136,1438,81,1214,45,N,0,32,58,12,25,5,8,6,31,20,5,4,7,14,17,56,3,19,8,10,9,22,4,7,1,0,11
2016,136,1455,65,1112,55,N,0,24,59,3,20,14,19,9,21,9,6,9,5,21,20,48,6,18,9,15,10,29,7,19,2,3,23
2016,136,1463,79,1124,75,N,0,26,49,5,16,22,29,8,28,14,12,3,4,17,30,68,6,16,9,15,14,18,16,7,9,2,24
2016,137,1218,77,1143,66,N,0,27,52,3,14,20,25,2,27,8,11,3,3,25,23,56,3,19,17,26,12,26,6,16,3,1,24
2016,137,1234,72,1396,70,N,1,24,69,7,28,17,22,13,25,13,3,6,3,15,30,66,4,18,6,9,13,36,12,12,2,3,21
2016,137,1268,79,1355,74,N,0,23,45,9,23,24,27,6,23,10,13,5,3,17,24,59,10,29,16,17,11,17,8,11,5,2,19
2016,137,1292,90,1277,81,N,0,33,59,11,19,13,21,10,18,16,10,6,5,13,30,54,11,24,10,15,8,22,20,14,6,2,22
2016,137,1320,75,1400,72,N,0,21,43,8,20,25,32,5,25,7,10,2,3,18,25,56,9,23,13,18,11,21,10,9,2,4,24
2016,137,1323,70,1276,63,N,0,25,43,8,15,12,15,5,28,12,16,3,8,9,25,63,10,27,3,5,11,14,18,7,10,1,14
2016,137,1328,82,1167,68,N,0,28,56,11,20,15,25,10,21,15,10,7,7,15,26,58,5,18,11,14,13,22,15,14,6,3,22
2016,137,1332,91,1221,52,N,0,34,61,6,20,17,22,11,33,15,7,1,6,15,20,55,6,23,6,15,8,20,6,10,3,2,17
2016,137,1372,70,1452,56,N,0,17,55,7,23,29,39,11,22,12,7,16,3,25,16,52,3,16,21,27,17,31,8,22,5,7,27
2016,137,1386,78,1153,76,N,0,28,58,9,24,13,17,10,19,13,6,4,4,18,28,55,10,24,10,13,9,21,13,9,3,6,15
2016,137,1393,70,1173,51,N,0,21,53,8,22,20,23,16,32,10,15,7,2,17,18,56,6,22,9,19,10,18,11,9,7,3,16
2016,137,1401,92,1453,65,N,0,32,57,7,19,21,28,12,33,17,20,13,1,19,21,56,9,27,14,23,7,18,14,18,14,5,23
2016,137,1433,75,1333,67,N,0,27,56,4,20,17,21,9,31,13,12,3,4,18,25,60,7,17,10,15,7,21,14,6,5,2,19
2016,137,1437,86,1421,56,N,0,33,57,13,28,7,11,7,25,21,11,8,5,10,21,57,5,17,9,13,12,20,11,14,5,2,12
2016,137,1458,47,1338,43,N,0,17,53,4,19,9,15,12,25,6,6,6,2,11,18,48,3,11,4,7,7,29,6,10,3,3,19
2016,137,1462,71,1451,53,N,0,30,62,7,14,4,4,13,30,14,13,4,2,16,22,57,4,21,5,11,9,18,9,11,8,2,14
2016,138,1181,71,1463,64,N,0,23,50,11,23,14,16,5,23,12,10,6,7,18,25,65,4,23,10,13,20,22,13,11,5,5,16
2016,138,1211,82,1428,59,N,0,34,61,9,19,5,6,8,26,14,9,7,3,13,22,52,7,15,8,8,4,20,9,13,5,3,14
2016,138,1231,73,1246,67,N,0,25,52,6,21,17,23,6,24,13,13,5,4,22,24,57,4,16,15,19,10,24,8,16,6,2,24
2016,138,1235,78,1114,61,N,0,30,53,11,21,7,16,4,27,15,6,6,0,10,20,54,8,25,13,16,7,25,9,8,1,1,14
2016,138,1242,73,1163,61,N,0,25,51,6,17,17,22,8,36,14,13,3,7,13,21,62,10,22,9,11,5,19,11,6,7,4,19
2016,138,1274,65,1455,57,N,0,21,38,7,12,16,23,2,24,7,16,10,4,15,20,59,6,22,11,14,16,17,8,15,10,0,18
2016,138,1314,85,1344,66,N,0,31,59,4,14,19,21,13,29,12,15,5,4,19,23,57,6,23,14,23,9,15,8,11,5,1,20
2016,138,1438,77,1139,69,N,0,29,52,2,10,17,21,6,26,11,9,3,2,13,25,54,7,15,12,17,4,18,9,4,7,1,17
2016,139,1268,73,1218,60,N,0,22,48,1,18,28,31,3,33,8,11,5,7,18,23,70,4,19,10,15,16,26,13,9,2,1,22
2016,139,1323,76,1372,75,N,0,29,51,6,17,12,16,11,20,15,13,2,2,12,29,64,8,27,9,9,14,13,19,6,5,5,15
2016,139,1328,85,1433,81,N,0,29,60,8,26,19,25,11,26,10,12,5,5,18,30,66,11,31,10,16,13,24,16,13,7,1,23
2016,139,1332,69,1386,64,N,0,21,53,6,24,21,25,7,28,6,11,2,7,19,22,57,4,15,16,20,9,28,7,12,5,0,20
2016,139,1393,75,1292,50,N,0,27,49,8,20,13,22,8,29,14,10,6,11,9,19,64,8,24,4,8,18,17,8,10,4,2,15
2016,139,1401,92,1320,88,N,2,31,71,7,31,23,34,13,37,8,14,6,0,23,27,69,12,34,22,27,7,32,16,13,9,3,27
2016,139,1437,87,1234,68,N,0,32,54,10,19,13,17,6,26,23,13,9,4,16,27,60,7,24,7,13,10,19,14,13,6,3,19
2016,139,1458,66,1462,63,N,0,25,59,8,27,8,13,7,31,12,12,3,6,21,22,54,5,16,14,21,5,31,10,8,8,1,17
2016,143,1242,79,1268,63,N,0,29,62,3,9,18,21,13,30,14,11,5,1,20,22,55,5,25,14,20,6,22,9,9,7,7,23
2016,143,1328,77,1401,63,N,0,31,63,11,25,4,9,10,31,23,15,4,5,18,22,64,6,28,13,24,16,26,14,12,6,4,12
2016,143,1332,82,1181,68,N,0,32,65,10,23,8,17,12,30,22,8,3,5,17,26,59,7,22,9,15,5,27,12,8,4,3,19
2016,143,1437,92,1274,69,N,0,32,51,10,15,18,19,9,18,17,8,8,1,16,25,47,10,17,9,13,7,10,12,12,6,1,19
2016,144,1314,101,1231,86,N,0,32,62,11,20,26,33,15,22,20,9,7,5,22,25,61,13,31,23,26,15,17,13,12,2,1,27
2016,144,1323,61,1458,56,N,0,22,55,4,13,13,14,11,21,13,12,10,6,9,23,57,6,20,4,6,13,23,11,17,8,4,15
2016,144,1393,63,1211,60,N,0,22,61,5,15,14,16,15,18,9,9,9,10,12,24,55,8,21,4,5,12,25,18,17,4,8,14
2016,144,1438,84,1235,71,N,0,32,57,4,11,16,24,7,26,26,8,8,5,13,27,52,7,18,10,15,2,22,16,12,6,2,19
2016,145,1328,80,1332,68,N,0,27,58,12,24,14,17,14,24,16,15,4,2,21,21,54,4,21,22,30,13,19,10,12,10,2,16
2016,145,1437,64,1242,59,N,0,21,52,4,18,18,19,5,23,7,9,11,2,16,23,50,6,22,7,11,6,26,11,16,5,2,19
2016,146,1314,88,1323,74,N,0,32,52,4,13,20,24,13,19,17,6,4,1,17,27,49,9,18,11,14,5,10,9,7,3,1,18
2016,146,1393,68,1438,62,N,0,21,57,6,18,20,25,12,24,10,8,11,7,15,22,53,8,21,10,12,8,26,21,13,3,8,16
2016,152,1314,83,1393,66,N,0,35,65,4,17,9,11,16,27,18,12,6,5,12,27,66,8,25,4,13,16,15,5,10,8,4,15
2016,152,1437,95,1328,51,N,0,35,49,11,18,14,19,7,25,14,11,12,3,11,19,60,6,27,7,11,19,10,8,17,6,2,20
2016,154,1437,77,1314,74,N,0,28,48,8,14,13,17,2,21,6,10,5,5,16,27,63,11,17,9,13,16,20,16,11,5,3,20
